"","PeriodCode","Period","PeriodDetails","Prefecture","SiteName","SiteID","LabeCode","C14Age","C14AgeError","Ref","med","Status"
"7","BC","縄文時代?弥生時代","----","Fukuoka","三沢蓬ヶ浦遺跡","S288","Beta-136442",2380,40,"三沢蓬ヶ浦遺跡2　小郡市文化財調査報告書　第151集　",-467,"Check"
"18","C","弥生時代中期末","----","Fukuoka","上岩田遺跡","S290","Beta-137704？",2110,50,"上岩田工業団地造成事業関係埋蔵文化財調査報告書-(6)-　福岡県小郡市所在　上岩田遺跡Ⅴ　小郡市埋蔵文化財調査報告書　第277集　　",-129,"F"
"19","C","弥生時代中期末","----","Fukuoka","上岩田遺跡","S290","PED-17364",2105,25,"上岩田工業団地造成事業関係埋蔵文化財調査報告書-(6)-　福岡県小郡市所在　上岩田遺跡Ⅴ　小郡市埋蔵文化財調査報告書　第277集　　",-117,"F"
"20","C","弥生時代中期末","----","Fukuoka","上岩田遺跡","S290","PED-17363",2100,20,"上岩田工業団地造成事業関係埋蔵文化財調査報告書-(6)-　福岡県小郡市所在　上岩田遺跡Ⅴ　小郡市埋蔵文化財調査報告書　第277集　　",-111,"F"
"22","C","弥生時代中期末","----","Fukuoka","上岩田遺跡","S290","PED-17365",2085,25,"上岩田工業団地造成事業関係埋蔵文化財調査報告書-(6)-　福岡県小郡市所在　上岩田遺跡Ⅴ　小郡市埋蔵文化財調査報告書　第277集　　",-96,"F"
"25","B","縄文時代","----","Fukuoka","上広瀬遺跡(第1次調査)","S481","PLD-5450",3035,25,"広瀬遺跡2･上広瀬遺跡1　福岡市埋蔵文化財調査報告書　第901集　",-1292,"HG"
"113","C","弥生時代","----","Fukuoka","下林西田遺跡","S210","KEEA-100",2650,100,"下林西田遺跡　福岡県文化財調査報告書　第132集",-814,"F"
"116","D","古墳時代","----","Fukuoka","下町外畑遺跡(第3次調査)","S377","PLD-1975",2130,45,"下町外畑遺跡　宮野蓮輪遺跡　福岡県文化財調査報告書　第192集　",-154,"F"
"120","C","弥生時代前期","板付Ⅱa式新","Fukuoka","下稗田遺跡","S542","Beta-176044",3030,30,"弥生農耕の起源と東アジア-炭素14年代測定による高精度編年体系の構築-平成16～20年文部科学省・科学研究費学術創成研究費　研究成果報告書",-1285,"Check"
"176","C","弥生時代終末頃","----","Fukuoka","元岡･桑原遺跡群(第42次調査）","S493","PED-9955",2095,30,"元岡･桑原遺跡群21　-第42次調査の報告-　福岡市埋蔵文化財調査報告書　第1174集　",-108,"F"
"198","C","弥生時代早期","----","Fukuoka","原遺跡","S478","PLD-19117",2575,20,"原遺跡14　-第26次調査報告-　福岡市埋蔵文化財調査報告書　第1167集",-784,"F"
"199","C","弥生時代早期","----","Fukuoka","原遺跡","S478","PLD-19116",2560,20,"原遺跡14　-第26次調査報告-　福岡市埋蔵文化財調査報告書　第1167集",-778,"F"
"200","C","弥生時代早期","----","Fukuoka","原遺跡","S478","PLD-19115",2490,20,"原遺跡14　-第26次調査報告-　福岡市埋蔵文化財調査報告書　第1167集",-635,"F"
"213","C","弥生時代前期","----","Fukuoka","名子遺跡(第3次調査)","S486","PLD-15090",2480,20,"名子遺跡1　-第3次･第4次調査報告-　福岡市埋蔵文化財調査報告書　第1123集",-640,"F"
"217","C","弥生時代","----","Fukuoka","向田遺跡","S631","Beta-197445",2390,40,"内野地区遺跡群2　筑穂町文化財調査報告書　第9集　",-477,"F"
"231","C","弥生時代前期後半?中期後半","----","Fukuoka","城野遺跡(5区)","S111","IAAA-121077",2270,30,"北九州市埋蔵文化財調査報告書　第496集　城野遺跡8(5区の調査)　城野駅南口線駅前広場改築工事に伴う埋蔵文化財調査報告",-292,"F"
"240","C","弥生時代中期後半","----","Fukuoka","堤上原遺跡","S376","Beta-184036",2180,70,"堤上原遺跡　第62集　",-231,"F"
"348","B","縄文時代晩期","----","Fukuoka","小覚原遺跡","S380","N-5382",2770,95,"九州横断自動車道関係埋蔵文化財調査報告-49-　",-943,"Check"
"364","C","弥生時代前期末?中期初","----","Fukuoka","峠遺跡(2区?5区)","S115","IAAA-101574",2260,30,"北九州市埋蔵文化財調査報告書　第479集　峠遺跡　第5次調査2(2区?5区の調査)　中貫長野1号線道路新設改良事業に伴う埋蔵文化財調査報告2　",-282,"F"
"365","C","弥生時代前期末?中期初","----","Fukuoka","峠遺跡(2区?5区)","S115","IAAA-101573",2230,30,"北九州市埋蔵文化財調査報告書　第479集　峠遺跡　第5次調査2(2区?5区の調査)　中貫長野1号線道路新設改良事業に伴う埋蔵文化財調査報告2　",-277,"F"
"406","C","弥生時代前期末?中期初頭","----","Fukuoka","松本遺跡","S102","KEEA-271",2540,70,"北九州市埋蔵文化財調査報告書　第216集　永犬丸遺跡群2　　",-646,"F"
"408","E","飛鳥時代","7世紀前半","Fukuoka","梅林遺跡(第1次調査)","S475","Beta-114652",2510,60,"梅林遺跡　第1次調査　福岡市埋蔵文化財調査報告書　第648集",-632,"F"
"416","E","飛鳥時代","7世紀前半","Fukuoka","梅林遺跡(第1次調査)","S475","Beta-114653",2150,50,"梅林遺跡　第1次調査　福岡市埋蔵文化財調査報告書　第648集",-187,"F"
"417","E","飛鳥時代","7世紀前半","Fukuoka","梅林遺跡(第1次調査)","S475","Beta-114654",2980,50,"梅林遺跡　第1次調査　福岡市埋蔵文化財調査報告書　第648集",-1205,"Check"
"421","D","古墳時代","6世紀代","Fukuoka","梅林遺跡(第2次調査)","S474","Beta-133524",2430,50,"梅林遺跡　第2次調査　福岡市埋蔵文化財調査報告書　第660集",-541,"F"
"494","C","弥生時代中期","----","Fukuoka","石田･原遺跡(第7地点)","S118","IAAA-103850",2270,20,"北九州市埋蔵文化財調査報告書　第484集　石田･原遺跡　第7地点　-横代南町山手1号線道路改築事業に伴う埋蔵文化財調査報告1-",-360,"F"
"495","C","弥生時代","----","Fukuoka","石田･原遺跡　第7地点(2区･3区･4区)","S119","UGAMS-11882",2170,30,"北九州市埋蔵文化財調査報告書　第497集　石田･原遺跡　第7地点(2区･3区･4区)",-230,"F"
"496","C","弥生時代中期末","----","Fukuoka","石田･原遺跡　第7地点(2区･3区･4区)","S119","UGAMS-11881",2090,30,"北九州市埋蔵文化財調査報告書　第497集　石田･原遺跡　第7地点(2区･3区･4区)",-102,"F"
"497","C","弥生時代中期末","----","Fukuoka","石田･原遺跡　第7地点(2区･3区･4区)","S119","UGAMS-11880",2150,30,"北九州市埋蔵文化財調査報告書　第497集　石田･原遺跡　第7地点(2区･3区･4区)",-184,"F"
"516","C","弥生時代前期末頃","----","Fukuoka","竹並下ノ原遺跡　","S541","IAAA-131934",2270,20,"竹並下ノ原遺跡　行橋市文化財調査報告書　第55集　",-360,"F"
"517","C","弥生時代前期末頃","----","Fukuoka","竹並下ノ原遺跡　","S541","IAAA-131933",2260,20,"竹並下ノ原遺跡　行橋市文化財調査報告書　第55集　",-282,"F"
"575","C","弥生時代","----","Fukuoka","金場遺跡","S373","IAAA-30063",2160,40,"弥生農耕の起源と東アジア-炭素14年代測定による高精度編年体系の構築-平成16～20年文部科学省・科学研究費学術創成研究費　研究成果報告書",-201,"F"
"661","C","弥生時代早期","----","Kagoshima","上山路山遺跡","S343","IAAA-60489",2180,40,"鹿児島県立埋蔵文化財センター発掘調査報告書(116)　上山路山遺跡",-252,"F"
"664","C","弥生時代中期","----","Kagoshima","上新田遺跡","S533","IAAA-102872",2310,30,"鹿児島県立埋蔵文化財センター発掘調査報告書(166)　上新田遺跡　",-387,"F"
"665","C","弥生時代中期","----","Kagoshima","上新田遺跡","S533","IAAA-102873",2350,30,"鹿児島県立埋蔵文化財センター発掘調査報告書(166)　上新田遺跡　",-408,"F"
"668","B","縄文時代後期後半?晩期","----","Kagoshima","上水流遺跡","S135","2959",2984,43,"鹿児島県立埋蔵文化財センター発掘調査報告書(113)上水流遺跡1",-1212,"HG"
"689","B","縄文時代早期","----","Kagoshima","上野原遺跡","S626","Beta-138455",2730,40,"鹿児島県立埋蔵文化財センター発掘調査報告書(41)　上野原遺跡　第3分冊(第2?7地点:縄文時代早期編4）　",-872,"Check"
"691","C","弥生時代","----","Kagoshima","上野原遺跡","S626","Beta-98811",2120,70,"鹿児島県立埋蔵文化財センター発掘調査報告書(52)　上野原遺跡　第6分冊(第2?7地点:弥生時代?近世編)",-147,"F"
"692","B","縄文時代早期","----","Kagoshima","上野原遺跡","S626","Beta-138454",2690,60,"鹿児島県立埋蔵文化財センター発掘調査報告書(41)　上野原遺跡　第3分冊(第2?7地点:縄文時代早期編3）　",-858,"Check"
"700","C","弥生時代前期?中期","----","Kagoshima","下鶴遺跡","S38","IAAA-101444",2400,30,"鹿児島県立埋蔵文化財センター発掘調査報告書(163)　下鶴遺跡",-472,"F"
"765","BCDEF","縄文時代?中世","----","Kagoshima","中里遺跡","S207","PLD-15348",2760,25,"天城町埋蔵文化財発掘調査報告書(4)　中里遺跡",-897,"Check"
"767","BCDEF","縄文時代?中世","----","Kagoshima","中里遺跡","S207","PLD-15347",2700,25,"天城町埋蔵文化財発掘調査報告書(4)　中里遺跡",-849,"Check"
"776","E","古代","----","Kagoshima","京田遺跡","S529","IAAA-10160",2150,40,"鹿児島県立埋蔵文化財センター発掘調査報告書（81）　京田遺跡",-185,"F"
"805","C","弥生時代","----","Kagoshima","京田遺跡","S529","IAAA-10138",2190,40,"鹿児島県立埋蔵文化財センター発掘調査報告書（81）　京田遺跡",-266,"F"
"809","C","弥生時代中期","----","Kagoshima","前畑遺跡","S669","PLD-10739",2130,20,"鹿児島県立埋蔵文化財センター発掘調査報告書(133)　前畑遺跡Ⅱ",-150,"F"
"815","C","弥生時代中期","----","Kagoshima","前畑遺跡","S669","PLD-10740",2120,20,"鹿児島県立埋蔵文化財センター発掘調査報告書(133)　前畑遺跡Ⅱ",-133,"F"
"816","C","弥生時代中期","----","Kagoshima","前畑遺跡","S669","PLD-10738",2085,20,"鹿児島県立埋蔵文化財センター発掘調査報告書(133)　前畑遺跡Ⅱ",-94,"F"
"817","C","弥生時代中期","----","Kagoshima","前畑遺跡","S669","PLD-10737",2140,20,"鹿児島県立埋蔵文化財センター発掘調査報告書(133)　前畑遺跡Ⅱ",-169,"F"
"818","C","弥生時代中期","----","Kagoshima","前畑遺跡","S669","PLD-10736",2115,20,"鹿児島県立埋蔵文化財センター発掘調査報告書(133)　前畑遺跡Ⅱ",-127,"F"
"822","C","弥生時代中期頃","　","Kagoshima","加治木堀遺跡","S369","IAAA-131348",2110,20,"鹿児島県立埋蔵文化財センター発掘調査報告書(183)　加治木堀遺跡",-122,"F"
"832","C","弥生時代中期","----","Kagoshima","十三塚遺跡","S661","IAAA-83140",2090,30,"鹿児島県立埋蔵文化財センター発掘調査報告書(164)　石縊遺跡･十三塚遺跡",-102,"F"
"833","C","弥生時代中期","----","Kagoshima","十三塚遺跡","S661","IAAA-92719",2150,30,"鹿児島県立埋蔵文化財センター発掘調査報告書(164)　石縊遺跡･十三塚遺跡",-184,"F"
"834","C","弥生時代中期","----","Kagoshima","十三塚遺跡","S661","IAAA-92720",2190,30,"鹿児島県立埋蔵文化財センター発掘調査報告書(164)　石縊遺跡･十三塚遺跡",-282,"F"
"835","C","弥生時代中期","----","Kagoshima","十三塚遺跡","S661","IAAA-83139",2230,30,"鹿児島県立埋蔵文化財センター発掘調査報告書(164)　石縊遺跡･十三塚遺跡",-277,"F"
"862","CD","弥生時代終末?古墳時代","----","Kagoshima","南摺ヶ浜遺跡","S319","IAAA-80882",2190,30,"鹿児島県立埋蔵文化財センター発掘調査報告書(144)　南摺ヶ浜遺跡",-282,"F"
"901","C","弥生時代中期後半","----","Kagoshima","堂園遺跡B地点","S142","IAAA-62475",2090,30,"鹿児島県立埋蔵文化財センター発掘調査報告書(123)堂園遺跡B地点･堂園遺跡A地点(追加調査)",-102,"F"
"926","E","古代前半期","----","Kagoshima","大坪遺跡","S91","Beta-157163",3050,40,"鹿児島県立埋蔵文化財センター発掘調査報告書(79)　大坪遺跡",-1311,"Check"
"928","BCDE","縄文時代晩期?古代","----","Kagoshima","大坪遺跡","S91","Beta-164929",2800,60,"鹿児島県立埋蔵文化財センター発掘調査報告書(79)　大坪遺跡",-957,"Check"
"929","B","縄文時代晩期","----","Kagoshima","大門口遺跡","S130","Beta-118965",2980,50,"鹿児島県立埋蔵文化財センター発掘調査報告書(97)　農業開発総合センター遺跡群Ⅱ　馬塚松遺跡･市堀遺跡･大門口遺跡",-1205,"HG"
"931","C","弥生時代中期","----","Kagoshima","天神平溝下遺跡","S666","IAAA-70890",2170,30,"鹿児島県立埋蔵文化財センター発掘調査報告書(141)領家西遺跡･天神平溝下遺跡",-230,"F"
"946","BC","縄文時代晩期?弥生時代","----","Kagoshima","天神段遺跡","S367","IAAA-103544",2440,30,"公益財団法人鹿児島県文化振興財団埋蔵文化財調査センター発掘調査報告書(3)　東九州自動車道建設(鹿屋串良JCT?曽於弥五郎IC)に伴う埋蔵文化財発掘調査報告書　天神段遺跡(弥生時代?近世編)",-535,"Check"
"949","B","縄文時代晩期前葉","----","Kagoshima","天神段遺跡","S367","IAAA-111584",2960,30,"公益財団法人鹿児島県文化振興財団埋蔵文化財調査センター発掘調査報告書(3)　東九州自動車道建設(鹿屋串良JCT?曽於弥五郎IC)に伴う埋蔵文化財発掘調査報告書　天神段遺跡(弥生時代?近世編)",-1172,"HG"
"955","B","縄文時代晩期前葉","----","Kagoshima","天神段遺跡","S367","IAAA-132682",2880,30,"公益財団法人鹿児島県文化振興財団埋蔵文化財調査センター発掘調査報告書(3)　東九州自動車道建設(鹿屋串良JCT?曽於弥五郎IC)に伴う埋蔵文化財発掘調査報告書　天神段遺跡(弥生時代?近世編)",-1059,"HG"
"960","C","弥生時代中期前半","----","Kagoshima","天神段遺跡","S367","IAAA-132472",2210,20,"公益財団法人鹿児島県文化振興財団埋蔵文化財調査センター発掘調査報告書(3)　東九州自動車道建設(鹿屋串良JCT?曽於弥五郎IC)に伴う埋蔵文化財発掘調査報告書　天神段遺跡(弥生時代?近世編)",-282,"F"
"966","B","縄文時代後期後葉?晩期中葉","----","Kagoshima","天神段遺跡","S367","IAAA-111569",3120,30,"公益財団法人鹿児島県文化振興財団埋蔵文化財調査センター発掘調査報告書(6)　東九州自動車道建設(鹿屋串良JCT?曽於弥五郎IC間)に伴う埋蔵文化財発掘調査報告書　天神段遺跡2(縄文時代前期?晩期編)",-1394,"HG"
"967","B","縄文時代後期後葉?晩期中葉","----","Kagoshima","天神段遺跡","S367","IAAA-111574",3100,30,"公益財団法人鹿児島県文化振興財団埋蔵文化財調査センター発掘調査報告書(6)　東九州自動車道建設(鹿屋串良JCT?曽於弥五郎IC間)に伴う埋蔵文化財発掘調査報告書　天神段遺跡2(縄文時代前期?晩期編)",-1355,"HG"
"969","B","縄文時代晩期前葉","----","Kagoshima","天神段遺跡","S367","IAAA-112900",2980,30,"公益財団法人鹿児島県文化振興財団埋蔵文化財調査センター発掘調査報告書(6)　東九州自動車道建設(鹿屋串良JCT?曽於弥五郎IC間)に伴う埋蔵文化財発掘調査報告書　天神段遺跡2(縄文時代前期?晩期編)",-1206,"HG"
"971","C","弥生時代中期","----","Kagoshima","天神段遺跡","S367","IAAA-123006",2230,30,"公益財団法人鹿児島県文化振興財団埋蔵文化財調査センター発掘調査報告書(6)　東九州自動車道建設(鹿屋串良JCT?曽於弥五郎IC間)に伴う埋蔵文化財発掘調査報告書　天神段遺跡2(縄文時代前期?晩期編)",-277,"F"
"972","B","縄文時代晩期前葉?中葉","----","Kagoshima","天神段遺跡","S367","IAAA-123509",2860,30,"公益財団法人鹿児島県文化振興財団埋蔵文化財調査センター発掘調査報告書(6)　東九州自動車道建設(鹿屋串良JCT?曽於弥五郎IC間)に伴う埋蔵文化財発掘調査報告書　天神段遺跡2(縄文時代前期?晩期編)",-1029,"HG"
"973","B","縄文時代後期後葉?末葉","----","Kagoshima","天神段遺跡","S367","IAAA-142291",3120,20,"公益財団法人鹿児島県文化振興財団埋蔵文化財調査センター発掘調査報告書(6)　東九州自動車道建設(鹿屋串良JCT?曽於弥五郎IC間)に伴う埋蔵文化財発掘調査報告書　天神段遺跡2(縄文時代前期?晩期編)",-1399,"HG"
"974","B","縄文時代晩期後半?弥生時代前期前半","----","Kagoshima","天神段遺跡","S367","PLD-28463",2785,20,"公益財団法人鹿児島県文化振興財団埋蔵文化財調査センター発掘調査報告書(6)　東九州自動車道建設(鹿屋串良JCT?曽於弥五郎IC間)に伴う埋蔵文化財発掘調査報告書　天神段遺跡2(縄文時代前期?晩期編)",-934,"Check"
"975","BC","縄文時代晩期後半?弥生時代前期前半","----","Kagoshima","天神段遺跡","S367","PLD-28464",2790,25,"公益財団法人鹿児島県文化振興財団埋蔵文化財調査センター発掘調査報告書(6)　東九州自動車道建設(鹿屋串良JCT?曽於弥五郎IC間)に伴う埋蔵文化財発掘調査報告書　天神段遺跡3(縄文時代前期?晩期編)",-944,"Check"
"976","B","縄文時代晩期後半?弥生時代前期前半","----","Kagoshima","天神段遺跡","S367","PLD-28462",2825,25,"公益財団法人鹿児島県文化振興財団埋蔵文化財調査センター発掘調査報告書(6)　東九州自動車道建設(鹿屋串良JCT?曽於弥五郎IC間)に伴う埋蔵文化財発掘調査報告書　天神段遺跡2(縄文時代前期?晩期編)",-976,"HG"
"977","B","縄文時代晩期中葉","----","Kagoshima","天神段遺跡","S367","IAAA-142293",2800,30,"公益財団法人鹿児島県文化振興財団埋蔵文化財調査センター発掘調査報告書(6)　東九州自動車道建設(鹿屋串良JCT?曽於弥五郎IC間)に伴う埋蔵文化財発掘調査報告書　天神段遺跡2(縄文時代前期?晩期編)",-954,"HG"
"978","B","縄文時代晩期中葉","----","Kagoshima","天神段遺跡","S367","IAAA-142292",2790,20,"公益財団法人鹿児島県文化振興財団埋蔵文化財調査センター発掘調査報告書(6)　東九州自動車道建設(鹿屋串良JCT?曽於弥五郎IC間)に伴う埋蔵文化財発掘調査報告書　天神段遺跡2(縄文時代前期?晩期編)",-945,"Check"
"979","B","縄文時代後期後葉?末葉","----","Kagoshima","天神段遺跡","S367","IAAA-142290",3080,20,"公益財団法人鹿児島県文化振興財団埋蔵文化財調査センター発掘調査報告書(6)　東九州自動車道建設(鹿屋串良JCT?曽於弥五郎IC間)に伴う埋蔵文化財発掘調査報告書　天神段遺跡2(縄文時代前期?晩期編)",-1342,"HG"
"981","B","縄文時代後期後葉","----","Kagoshima","天神段遺跡","S367","IAAA-123005",3100,30,"公益財団法人鹿児島県文化振興財団埋蔵文化財調査センター発掘調査報告書(6)　東九州自動車道建設(鹿屋串良JCT?曽於弥五郎IC間)に伴う埋蔵文化財発掘調査報告書　天神段遺跡2(縄文時代前期?晩期編)",-1355,"HG"
"982","B","縄文時代晩期前葉","----","Kagoshima","天神段遺跡","S367","IAAA-112901",2990,30,"公益財団法人鹿児島県文化振興財団埋蔵文化財調査センター発掘調査報告書(6)　東九州自動車道建設(鹿屋串良JCT?曽於弥五郎IC間)に伴う埋蔵文化財発掘調査報告書　天神段遺跡2(縄文時代前期?晩期編)",-1223,"HG"
"983","B","縄文時代晩期前葉","----","Kagoshima","天神段遺跡","S367","IAAA-112899",2940,30,"公益財団法人鹿児島県文化振興財団埋蔵文化財調査センター発掘調査報告書(6)　東九州自動車道建設(鹿屋串良JCT?曽於弥五郎IC間)に伴う埋蔵文化財発掘調査報告書　天神段遺跡2(縄文時代前期?晩期編)",-1149,"HG"
"985","B","縄文時代後期後葉?晩期中葉","----","Kagoshima","天神段遺跡","S367","IAAA-111573",2970,20,"公益財団法人鹿児島県文化振興財団埋蔵文化財調査センター発掘調査報告書(6)　東九州自動車道建設(鹿屋串良JCT?曽於弥五郎IC間)に伴う埋蔵文化財発掘調査報告書　天神段遺跡2(縄文時代前期?晩期編)",-1188,"HG"
"986","B","縄文時代後期後葉?晩期中葉","----","Kagoshima","天神段遺跡","S367","IAAA-111572",2870,30,"公益財団法人鹿児島県文化振興財団埋蔵文化財調査センター発掘調査報告書(6)　東九州自動車道建設(鹿屋串良JCT?曽於弥五郎IC間)に伴う埋蔵文化財発掘調査報告書　天神段遺跡2(縄文時代前期?晩期編)",-1043,"HG"
"987","B","縄文時代後期後葉?晩期中葉","----","Kagoshima","天神段遺跡","S367","IAAA-111570",2840,30,"公益財団法人鹿児島県文化振興財団埋蔵文化財調査センター発掘調査報告書(6)　東九州自動車道建設(鹿屋串良JCT?曽於弥五郎IC間)に伴う埋蔵文化財発掘調査報告書　天神段遺跡2(縄文時代前期?晩期編)",-996,"HG"
"988","B","縄文時代後期後葉?晩期中葉","----","Kagoshima","天神段遺跡","S367","IAAA-111567",3100,30,"公益財団法人鹿児島県文化振興財団埋蔵文化財調査センター発掘調査報告書(6)　東九州自動車道建設(鹿屋串良JCT?曽於弥五郎IC間)に伴う埋蔵文化財発掘調査報告書　天神段遺跡2(縄文時代前期?晩期編)",-1355,"HG"
"999","BC","縄文時代晩期?弥生時代","----","Kagoshima","天神段遺跡","S367","IAAA-103543",2520,30,"公益財団法人鹿児島県文化振興財団埋蔵文化財調査センター発掘調査報告書(3)　東九州自動車道建設(鹿屋串良JCT?曽於弥五郎IC)に伴う埋蔵文化財発掘調査報告書　天神段遺跡(弥生時代?近世編)",-641,"Check"
"1077","C","弥生時代","----","Kagoshima","市ノ原遺跡(第3地点)","S347","IAAA-72601",2230,30,"鹿児島県立埋蔵文化財センター発掘調査報告書(140)　市ノ原遺跡(第3地点)",-277,"F"
"1080","C","弥生時代","----","Kagoshima","市ノ原遺跡(第3地点)","S347","IAAA-72600",2160,30,"鹿児島県立埋蔵文化財センター発掘調査報告書(140)　市ノ原遺跡(第3地点)",-200,"F"
"1123","C","弥生時代前期後半?中期前半","----","Kagoshima","持躰松遺跡","S131","IAAA-61648",2190,30,"鹿児島県立埋蔵文化財センター発掘調査報告書(120)持躰松遺跡",-282,"F"
"1142","B","縄文時代後期・晩期","----","Kagoshima","松原添遺跡","S241","PED-22238",3075,25,"姶良市埋蔵文化財発掘調査報告書　第5集　松原添遺跡",-1340,"HG"
"1181","B","縄文時代晩期","----","Kagoshima","桐木耳取遺跡","S361","IAAA-40768",2940,40,"鹿児島県立埋蔵文化財センター発掘調査報告書(91)　桐木耳取遺跡Ⅲ",-1147,"HG"
"1197","D","古墳時代","----","Kagoshima","武遺跡E地点","S649","Beta-183095",2240,40,"鹿児島市埋蔵文化財発掘調査報告書(42)　武遺跡E地点",-280,"F"
"1204","B","縄文時代後期後半","上加世田式","Kagoshima","水天向遺跡","S539","Beta-332723",3040,30,"鹿児島県薩摩郡さつま町埋蔵文化財発掘調査報告書(6)川内川激甚災害対策特別緊急事業に伴う埋蔵文化財発掘調査報告書　水天向遺跡",-1299,"HG"
"1209","B","縄文時代晩期","----","Kagoshima","永吉天神段遺跡(第3地点)","S364","Beta-340388",2150,30,"公益財団法人鹿児島県文化振興財団埋蔵文化財調査センター発掘調査報告書(8)　東九州自動車道建設(志布志IC?鹿屋串良JCT)に伴う埋蔵文化財発掘調査報告書　　永吉天神段遺跡(第1地点)",-184,"Check"
"1211","BCD","縄文時代後期?古墳時代","----","Kagoshima","永迫平遺跡","S342","IAAA-40275",2860,40,"鹿児島県立埋蔵文化財センター発掘調査報告書(93)　永迫平遺跡(第2分冊)",-1031,"Check"
"1215","C","弥生時代中期","----","Kagoshima","牧山遺跡　A地点","S661","PLD-31791",2065,20,"公益財団法人鹿児島県文化振興財団埋蔵文化財調査センター発掘調査報告書(14)　東九州自動車道(志布志IC?鹿屋JCT)建設に伴う埋蔵文化財発掘調査報告書　　牧山遺跡1",-76,"F"
"1219","BC","縄文時代晩期?弥生時代","----","Kagoshima","狩俣遺跡","S354","PLD-11050",2845,25,"鹿児島県立埋蔵文化財センター発掘調査報告書(152)　狩俣遺跡･建山遺跡･西原段Ⅰ遺跡",-1002,"Check"
"1221","B","縄文時代後期末?晩期初頭","----","Kagoshima","狩俣遺跡","S354","IAAA-62436",2900,30,"鹿児島県立埋蔵文化財センター発掘調査報告書(152)　狩俣遺跡･建山遺跡･西原段Ⅰ遺跡",-1086,"HG"
"1222","C","弥生時代中期","----","Kagoshima","王子遺跡","S664","KSU-597",2410,60,"鹿児島県埋蔵文化財発掘調査報告書(34)　王子遺跡(付)西祓川遺跡･薬師堂遺跡",-526,"F"
"1224","C","弥生時代中期","----","Kagoshima","王子遺跡","S664","KSU-600",2150,25,"鹿児島県埋蔵文化財発掘調査報告書(34)　王子遺跡(付)西祓川遺跡･薬師堂遺跡",-184,"F"
"1226","C","弥生時代中期","----","Kagoshima","王子遺跡","S664","KSU-598",2120,30,"鹿児島県埋蔵文化財発掘調査報告書(34)　王子遺跡(付)西祓川遺跡･薬師堂遺跡",-134,"F"
"1227","C","弥生時代中期","----","Kagoshima","王子遺跡","S664","KSU-596",2180,40,"鹿児島県埋蔵文化財発掘調査報告書(34)　王子遺跡(付)西祓川遺跡･薬師堂遺跡",-252,"F"
"1228","C","弥生時代中期","----","Kagoshima","王子遺跡","S664","KSU-595",2130,30,"鹿児島県埋蔵文化財発掘調査報告書(34)　王子遺跡(付)西祓川遺跡･薬師堂遺跡",-149,"F"
"1233","C","弥生時代中期","----","Kagoshima","田原迫ノ上遺跡","S661","IAAA-120772",2090,20,"公益財団法人鹿児島県文化振興財団埋蔵文化財調査センター発掘調査報告書(5)　東九州自動車道建設(志布志IC?鹿屋串良JCT間)に伴う埋蔵文化財発掘調査報告書　田原迫ノ上遺跡1(第2分冊)",-99,"F"
"1235","C","弥生時代中期","----","Kagoshima","田原迫ノ上遺跡","S661","IAAA-120776",2080,20,"公益財団法人鹿児島県文化振興財団埋蔵文化財調査センター発掘調査報告書(5)　東九州自動車道建設(志布志IC?鹿屋串良JCT間)に伴う埋蔵文化財発掘調査報告書　田原迫ノ上遺跡1(第2分冊)",-89,"F"
"1236","C","弥生時代中期","----","Kagoshima","田原迫ノ上遺跡","S661","IAAA-120777",2120,20,"公益財団法人鹿児島県文化振興財団埋蔵文化財調査センター発掘調査報告書(5)　東九州自動車道建設(志布志IC?鹿屋串良JCT間)に伴う埋蔵文化財発掘調査報告書　田原迫ノ上遺跡1(第2分冊)",-133,"F"
"1237","C","弥生時代中期","----","Kagoshima","田原迫ノ上遺跡","S661","IAAA-130856",2210,30,"公益財団法人鹿児島県文化振興財団埋蔵文化財調査センター発掘調査報告書(5)　東九州自動車道建設(志布志IC?鹿屋串良JCT間)に伴う埋蔵文化財発掘調査報告書　田原迫ノ上遺跡1(第2分冊)",-280,"F"
"1239","C","弥生時代中期中葉?後半","----","Kagoshima","田原迫ノ上遺跡","S661","IAAA-131501",2090,20,"公益財団法人鹿児島県文化振興財団埋蔵文化財調査センター発掘調査報告書(5)　東九州自動車道建設(志布志IC?鹿屋串良JCT間)に伴う埋蔵文化財発掘調査報告書　田原迫ノ上遺跡1(第2分冊)",-99,"F"
"1240","C","弥生時代中期","----","Kagoshima","田原迫ノ上遺跡","S661","IAAA-130855",2070,30,"公益財団法人鹿児島県文化振興財団埋蔵文化財調査センター発掘調査報告書(5)　東九州自動車道建設(志布志IC?鹿屋串良JCT間)に伴う埋蔵文化財発掘調査報告書　田原迫ノ上遺跡1(第2分冊)",-82,"F"
"1241","C","弥生時代中期","----","Kagoshima","田原迫ノ上遺跡","S661","IAAA-120773",2130,20,"公益財団法人鹿児島県文化振興財団埋蔵文化財調査センター発掘調査報告書(5)　東九州自動車道建設(志布志IC?鹿屋串良JCT間)に伴う埋蔵文化財発掘調査報告書　田原迫ノ上遺跡1(第2分冊)",-150,"F"
"1242","C","弥生時代中期","----","Kagoshima","田原迫ノ上遺跡","S661","IAAA-111946",2290,30,"公益財団法人鹿児島県文化振興財団埋蔵文化財調査センター発掘調査報告書(5)　東九州自動車道建設(志布志IC?鹿屋串良JCT間)に伴う埋蔵文化財発掘調査報告書　田原迫ノ上遺跡1(第2分冊)",-369,"F"
"1243","C","弥生時代中期","----","Kagoshima","田原迫ノ上遺跡","S661","IAAA-120770",2130,20,"公益財団法人鹿児島県文化振興財団埋蔵文化財調査センター発掘調査報告書(5)　東九州自動車道建設(志布志IC?鹿屋串良JCT間)に伴う埋蔵文化財発掘調査報告書　田原迫ノ上遺跡1(第2分冊)",-150,"F"
"1244","C","弥生時代中期","----","Kagoshima","田原迫ノ上遺跡","S661","IAAA-120771",2140,20,"公益財団法人鹿児島県文化振興財団埋蔵文化財調査センター発掘調査報告書(5)　東九州自動車道建設(志布志IC?鹿屋串良JCT間)に伴う埋蔵文化財発掘調査報告書　田原迫ノ上遺跡1(第2分冊)",-169,"F"
"1245","C","弥生時代中期","----","Kagoshima","田原迫ノ上遺跡","S661","IAAA-111944",2090,30,"公益財団法人鹿児島県文化振興財団埋蔵文化財調査センター発掘調査報告書(5)　東九州自動車道建設(志布志IC?鹿屋串良JCT間)に伴う埋蔵文化財発掘調査報告書　田原迫ノ上遺跡1(第2分冊)",-102,"F"
"1246","C","弥生時代","----","Kagoshima","町田堀遺跡","S661","PED-27725",2115,20,"公益財団法人鹿児島県文化振興財団埋蔵文化財調査センター発掘調査報告書(7)　東九州自動車道建設(志布志IC?鹿屋串良JCT)に伴う埋蔵文化財発掘調査報告書　　町田堀遺跡(第3分冊)　",-127,"F"
"1247","B","縄文時代後期","----","Kagoshima","町田堀遺跡","S661","PED-27726",3015,20,"公益財団法人鹿児島県文化振興財団埋蔵文化財調査センター発掘調査報告書(7)　東九州自動車道建設(志布志IC?鹿屋串良JCT)に伴う埋蔵文化財発掘調査報告書　　町田堀遺跡(第3分冊)　",-1259,"HG"
"1248","B","縄文時代後期?晩期","----","Kagoshima","町田堀遺跡","S661","PED-27727",3030,20,"公益財団法人鹿児島県文化振興財団埋蔵文化財調査センター発掘調査報告書(7)　東九州自動車道建設(志布志IC?鹿屋串良JCT)に伴う埋蔵文化財発掘調査報告書　　町田堀遺跡(第3分冊)　",-1283,"HG"
"1249","B","縄文時代後期?晩期","----","Kagoshima","町田堀遺跡","S661","PED-27729",3100,20,"公益財団法人鹿児島県文化振興財団埋蔵文化財調査センター発掘調査報告書(7)　東九州自動車道建設(志布志IC?鹿屋串良JCT)に伴う埋蔵文化財発掘調査報告書　　町田堀遺跡(第3分冊)　",-1357,"HG"
"1251","C","弥生時代","----","Kagoshima","町田堀遺跡","S661","PED-27724",2135,20,"公益財団法人鹿児島県文化振興財団埋蔵文化財調査センター発掘調査報告書(7)　東九州自動車道建設(志布志IC?鹿屋串良JCT)に伴う埋蔵文化財発掘調査報告書　　町田堀遺跡(第3分冊)　",-159,"F"
"1256","BCDE","縄文時代?古代","----","Kagoshima","石坂遺跡","S350","PE-020304",2675,50,"鹿児島県立埋蔵文化財センター発掘調査報告書(58)　山ノ脇遺跡　石坂遺跡　西原遺跡　",-841,"Check"
"1311","C","弥生時代前期","----","Kagoshima","芝原遺跡","S129","IAA-40",2070,100,"鹿児島県立埋蔵文化財センター発掘調査報告書(170)　芝原遺跡3",-85,"F"
"1320","D","古墳時代","----","Kagoshima","荒園遺跡　第1地点","S363","PLD-32819",2085,20,"公益財団法人鹿児島県文化振興財団埋蔵文化財調査センター発掘調査報告書(12)　東九州自動車道(志布志IC?鹿屋串良JCT間)建設に伴う埋蔵文化財発掘調査報告書　荒園遺跡1(第1地点)",-94,"F"
"1357","B","縄文時代後期","----","Kagoshima","西原遺跡","S359","Beta-166707",3080,40,"鹿児島県立埋蔵文化財センター発掘調査報告書(124)西原遺跡･牧ノ原B遺跡･原村Ⅰ遺跡･原村Ⅱ遺跡",-1340,"HG"
"1361","B","縄文時代晩期","----","Kagoshima","諏訪牟田遺跡","S127","Beta-137492",3170,70,"鹿児島県立埋蔵文化財センター発掘調査報告書(112)　諏訪牟田遺跡･諏訪前遺跡･南原内堀遺跡･加治屋堀遺跡　",-1438,"HG"
"1417","D","古墳時代","----","Kagoshima","領家西遺跡","S666","IAAA-80815",3040,30,"鹿児島県立埋蔵文化財センター発掘調査報告書(141)領家西遺跡･天神平溝下遺跡",-1299,"Check"
"1433","B","縄文時代後期後葉","----","Kagoshima","領家西遺跡","S666","IAAA-70448",3010,30,"鹿児島県立埋蔵文化財センター発掘調査報告書(141)領家西遺跡･天神平溝下遺跡",-1254,"HG"
"1441","C","弥生時代中期","----","Kagoshima","高吉B遺跡","S317","IAAA-121638",2080,20,"鹿児島県立埋蔵文化財センター発掘調査報告書(180)　船迫遺跡･高吉B遺跡",-89,"F"
"1448","F","中世","----","Kagoshima","高橋遺跡","S138","PLD-5820",2130,25,"鹿児島国際大学考古学ミュージアム調査研究報告　第5集　長崎県宇久松原遺跡･鹿児島県高橋遺跡",-149,"F"
"1451","C","弥生時代早期","----","Kagoshima","魚見ヶ原遺跡","S658","IAAA-60660",2220,30,"鹿児島県立埋蔵文化財センター発掘調査報告書(111)　　魚見ヶ原遺跡",-278,"F"
"1453","B","縄文時代晩期中葉","----","Kagoshima","魚見ヶ原遺跡","S658","IAAA-60662",2510,30,"鹿児島県立埋蔵文化財センター発掘調査報告書(111)　　魚見ヶ原遺跡",-638,"Check"
"1454","C","弥生時代早期","----","Kagoshima","魚見ヶ原遺跡","S658","IAAA-60659",2260,40,"鹿児島県立埋蔵文化財センター発掘調査報告書(111)　　魚見ヶ原遺跡",-284,"F"
"1456","C","弥生時代前期","----","Kagoshima","鳴野原遺跡(堂園遺跡A地点)","S300","IAAA-41882",2280,40,"鹿児島県立埋蔵文化財センター発掘調査報告書(108)　堂園遺跡A地点･古殿諏訪陣跡･折戸平遺跡･山神迫遺跡",-301,"F"
"1466","B","縄文時代晩期前葉","----","Kagoshima","鷲ヶ迫遺跡","S666","IAAA-70460",2920,30,"鹿児島県立埋蔵文化財センター発掘調査報告書(132)　鷲ヶ迫遺跡･北原中遺跡･宇都上遺跡",-1116,"HG"
"1502","不明","不明","----","Kumamoto","ヲスギ遺跡","S403","Beta-104022",2380,60,"植木町文化財調査報告書　第18集　塔ノ本遺跡･今古閑久保遺跡･滴水尖遺跡･轟城跡･ヲスギ遺跡　轟地区ふるさと農道緊急整備事業に伴う埋蔵文化財発掘調査報告",-492,"Check"
"1510","B","縄文時代","----","Kumamoto","万太郎遺跡","S521","PED-15308",2495,20,"菊池市文化財調査報告　第6集　万太郎遺跡･森北院ノ馬場･迫畑遺跡　",-633,"Check"
"1513","B","縄文時代後期末","天城式","Kumamoto","上小田宮の前遺跡","S434","IAAA-40828",2940,40,"弥生農耕の起源と東アジア-炭素14年代測定による高精度編年体系の構築-平成16～20年文部科学省・科学研究費学術創成研究費　研究成果報告書",-1147,"HG"
"1514","B","縄文時代後期末","天城式","Kumamoto","上小田宮の前遺跡","S434","IAAA-40827",3030,40,"弥生農耕の起源と東アジア-炭素14年代測定による高精度編年体系の構築-平成16～20年文部科学省・科学研究費学術創成研究費　研究成果報告書",-1284,"HG"
"1597","C","弥生時代中期","城ノ越～須玖Ⅰ式","Kumamoto","八ノ坪遺跡","S422","MTC-07881",2315,45,"弥生農耕の起源と東アジア-炭素14年代測定による高精度編年体系の構築-平成16～20年文部科学省・科学研究費学術創成研究費　研究成果報告書",-383,"F"
"1612","C","弥生時代後期前半","----","Kumamoto","前田遺跡","S438","PLD-2063",2085,45,"熊本県文化財調査報告　第225集　前田遺跡",-99,"F"
"1613","C","弥生時代中期後半","----","Kumamoto","前田遺跡","S438","PLD-2062",2135,40,"熊本県文化財調査報告　第225集　前田遺跡",-160,"F"
"1620","C","弥生時代中期","----","Kumamoto","北の崎遺跡","S437","IAAA-82640",2110,30,"熊本県文化財調査報告　第264集　北の崎遺跡･釼抜遺跡",-123,"F"
"1649","B","縄文時代早期","----","Kumamoto","吉部原遺跡","S416","PED-18753",2365,20,"熊本市の文化財　第13集　吉部原遺跡Ⅱ　-(仮称)植木町今藤地区工業団地造成に伴う吉部原遺跡第3次確認調査･第4次発掘調査報告書-　",-410,"Check"
"1674","B","縄文時代後?晩期","----","Kumamoto","寺田山口遺跡(城ヶ辻城跡)","S440","PLD-10072",2960,25,"熊本県文化財調査報告　第287集　寺田山口遺跡(城ヶ辻城跡)　-一般国道209号(玉名バイパス)改築工事に伴う埋蔵文化財発掘調査報告-",-1173,"HG"
"1687","C","弥生時代中期","----","Kumamoto","山田松尾平遺跡","S441","IAAA-110786",2120,20,"熊本県文化財調査報告　第304集　山田松尾平遺跡(上巻)　-一般国道208号改築事業に伴う埋蔵文化財発掘調査報告-",-133,"F"
"1689","C","弥生時代後期","----","Kumamoto","山田松尾平遺跡","S441","IAAA-113054",2110,20,"熊本県文化財調査報告　第304集　山田松尾平遺跡(上巻)　-一般国道208号改築事業に伴う埋蔵文化財発掘調査報告-",-122,"F"
"1712","BC","縄文時代後期?弥生時代","----","Kumamoto","岩坂樋ノ口遺跡","S525","IAAA-112116",2440,20,"大津町文化財報告　第10集　中島西鶴遺跡･中島宝満鶴遺跡･岩坂葉柳遺跡･岩坂樋ノ口遺跡　迫井手地区経営体育成基盤整備事業に伴う埋蔵文化財発掘調査報告書",-525,"Check"
"1714","BC","縄文時代後期?弥生時代","----","Kumamoto","岩坂樋ノ口遺跡","S525","IAAA-112111",2190,30,"大津町文化財報告　第10集　中島西鶴遺跡･中島宝満鶴遺跡･岩坂葉柳遺跡･岩坂樋ノ口遺跡　迫井手地区経営体育成基盤整備事業に伴う埋蔵文化財発掘調査報告書",-282,"Check"
"1716","BC","縄文時代後期?弥生時代","----","Kumamoto","岩坂樋ノ口遺跡","S525","IAAA-112115",2430,30,"大津町文化財報告　第10集　中島西鶴遺跡･中島宝満鶴遺跡･岩坂葉柳遺跡･岩坂樋ノ口遺跡　迫井手地区経営体育成基盤整備事業に伴う埋蔵文化財発掘調査報告書",-514,"Check"
"1717","BC","縄文時代後期?弥生時代","----","Kumamoto","岩坂樋ノ口遺跡","S525","IAAA-112114",2450,30,"大津町文化財報告　第10集　中島西鶴遺跡･中島宝満鶴遺跡･岩坂葉柳遺跡･岩坂樋ノ口遺跡　迫井手地区経営体育成基盤整備事業に伴う埋蔵文化財発掘調査報告書",-568,"Check"
"1752","C","弥生時代","----","Kumamoto","方保田東原遺跡","S294","KSU-511",2210,30,"山鹿市立博物館調査報告書　第2集　方保田東原遺跡　",-280,"F"
"1762","B","縄文時代後期","----","Kumamoto","木柑子西原B遺跡","S520","Beta-137718",3000,60,"菊池市文化財調査報告　木柑子遺跡群",-1235,"HG"
"1778","C","弥生時代中期?後期","----","Kumamoto","梅ノ木遺跡","S527","Beta-128855",2140,50,"熊本県文化財調査報告　第199集　梅ノ木遺跡Ⅱ(下巻)",-171,"F"
"1781","B","縄文時代","磨消縄文土器","Kumamoto","森北院ノ馬場･迫畑遺跡","S522","PED-15305",2500,20,"菊池市文化財調査報告　第6集　万太郎遺跡･森北院ノ馬場･迫畑遺跡　",-632,"Check"
"1821","C","弥生時代","----","Kumamoto","沈目立山遺跡","S12","Ｎ-2719",2180,80,"熊本県文化財調査報告　第26集　沈目立山遺跡",-226,"F"
"1831","D","古墳時代後期","----","Kumamoto","滝川石田遺跡","S9","PED-21768",2405,20,"熊本県文化財調査報告　第301集　滝川石田遺跡･辺田見中道遺跡　国道445号交通連携推進改築事業に伴う埋蔵文化財発掘調査",-464,"F"
"1859","B","縄文時代後期?晩期","----","Kumamoto","石の本遺跡群","S412","Beta-140964",3080,30,"熊本県文化財調査報告　第205集　石の本遺跡群Ⅴ",-1341,"HG"
"1861","B","縄文時代後期?晩期","----","Kumamoto","石の本遺跡群","S412","Beta-140966",2890,30,"熊本県文化財調査報告　第205集　石の本遺跡群Ⅴ",-1074,"HG"
"1864","B","縄文時代後期?晩期","----","Kumamoto","石の本遺跡群","S412","Beta-140963",3080,40,"熊本県文化財調査報告　第205集　石の本遺跡群Ⅴ",-1340,"HG"
"1871","C","弥生時代後期後半","----","Kumamoto","石川遺跡","S404","Beta-141754",2090,50,"植木町文化財調査報告書　第14集　石川遺跡　山東地区県営ほ場整備事業に伴う埋蔵文化財発掘調査報告　第1分冊",-106,"F"
"1872","B","縄文時代","----","Kumamoto","笹尾遺跡","S401","Beta-141484",2400,40,"植木町文化財調査報告書　第13集　笹尾遺跡Ⅱ　",-488,"Check"
"1986","C","弥生時代","----","Miyazaki","今房遺跡","S603","Beta-137693",2060,60,"都城市文化財調査報告書　第80集　今房遺跡",-69,"F"
"1996","C","弥生時代中期後半","----","Miyazaki","働女木遺跡","S586","PED-14960",2120,25,"宮崎県埋蔵文化財センター発掘調査報告書　第205集　働女木遺跡　都城東環状線(今町工区)地域高規格道路整備事業に伴う埋蔵文化財発掘調査報告書3",-133,"F"
"2057","BC","縄文時代晩期終末?弥生時代","----","Miyazaki","坂ノ下遺跡","S587","Beta-150394",2110,40,"宮崎県埋蔵文化財センター発掘調査報告書　第65集　鴇尾遺跡･坂ノ下遺跡　農用地総合整備事業｢都城区域｣農業用道路建設に伴う埋蔵文化財発掘調査報告書(3)",-126,"Check"
"2058","BC","縄文時代晩期終末?弥生時代","----","Miyazaki","坂ノ下遺跡","S587","Beta-150393",2130,50,"宮崎県埋蔵文化財センター発掘調査報告書　第65集　鴇尾遺跡･坂ノ下遺跡　農用地総合整備事業｢都城区域｣農業用道路建設に伴う埋蔵文化財発掘調査報告書(3)",-156,"Check"
"2097","CD","弥生時代終末?古墳時代初頭","----","Miyazaki","大内原遺跡","S55","Beta-207149",2180,40,"宮崎県埋蔵文化財センター発掘調査報告書　第123集　　天神本第2遺跡･大内原遺跡　東九州自動車道(都農?西都間)建設に伴う埋蔵文化財発掘調査報告書28",-252,"F"
"2165","C","弥生時代","----","Miyazaki","宮崎小学校遺跡","S268","Beta-157095",2080,60,"宮崎市文化財調査報告書　第53集　宮崎小学校遺跡",-95,"F"
"2180","C","弥生時代","----","Miyazaki","尾立第2遺跡","S73","Beta-213641",2080,40,"宮崎県埋蔵文化財センター発掘調査報告書　第169集　尾立第2遺跡　東九州自動車道建設(都農?西都間)に伴う埋蔵文化財発掘調査報告書57集　",-93,"F"
"2193","不明","不明","----","Miyazaki","尾花A遺跡","S51","PED-9508",2335,30,"宮崎県埋蔵文化財センター発掘調査報告書　第195集　尾花A遺跡Ⅱ　弥生時代以降編　東九州自動車道(都農?西都間)建設に伴う埋蔵文化財発掘調査報告書65　本文編(1/3)",-399,"Check"
"2207","CD","弥生時代?古墳時代","----","Miyazaki","尾花A遺跡","S51","PED-8516",2185,20,"宮崎県埋蔵文化財センター発掘調査報告書　第195集　尾花A遺跡Ⅱ　弥生時代以降編　東九州自動車道(都農?西都間)建設に伴う埋蔵文化財発掘調査報告書65　本文編(1/3)",-294,"F"
"2214","CD","弥生時代?古墳時代","----","Miyazaki","尾花A遺跡","S51","PED-8534",2140,20,"宮崎県埋蔵文化財センター発掘調査報告書　第195集　尾花A遺跡Ⅱ　弥生時代以降編　東九州自動車道(都農?西都間)建設に伴う埋蔵文化財発掘調査報告書65　本文編(1/3)",-169,"F"
"2215","CD","弥生時代?古墳時代","----","Miyazaki","尾花A遺跡","S51","PED-9527",2165,20,"宮崎県埋蔵文化財センター発掘調査報告書　第195集　尾花A遺跡Ⅱ　弥生時代以降編　東九州自動車道(都農?西都間)建設に伴う埋蔵文化財発掘調査報告書65　本文編(1/3)",-212,"F"
"2248","CD","弥生時代?古墳時代","----","Miyazaki","尾花A遺跡","S51","PED-9528",2240,25,"宮崎県埋蔵文化財センター発掘調査報告書　第195集　尾花A遺跡Ⅱ　弥生時代以降編　東九州自動車道(都農?西都間)建設に伴う埋蔵文化財発掘調査報告書65　本文編(1/3)",-275,"F"
"2269","CD","弥生時代?古墳時代","----","Miyazaki","尾花A遺跡","S51","PED-9526",2115,20,"宮崎県埋蔵文化財センター発掘調査報告書　第195集　尾花A遺跡Ⅱ　弥生時代以降編　東九州自動車道(都農?西都間)建設に伴う埋蔵文化財発掘調査報告書65　本文編(1/3)",-127,"F"
"2279","CD","弥生時代?古墳時代","----","Miyazaki","尾花A遺跡","S51","PED-8519",2100,20,"宮崎県埋蔵文化財センター発掘調査報告書　第195集　尾花A遺跡Ⅱ　弥生時代以降編　東九州自動車道(都農?西都間)建設に伴う埋蔵文化財発掘調査報告書65　本文編(1/3)",-111,"F"
"2321","C","弥生時代","----","Miyazaki","市納上第1遺跡","S57","Beta-208545",2420,40,"宮崎県埋蔵文化財センター発掘調査報告書　第121集　　市納上第1遺跡･市納上第4遺跡　東九州自動車道(都農?西都間)建設に伴う埋蔵文化財発掘調査報告書26",-513,"F"
"2329","B","縄文時代晩期前半","----","Miyazaki","布平遺跡","S547","Beta-105080",3250,60,"宮崎県埋蔵文化財センター発掘調査報告書　第74集　布平遺跡･古城遺跡　県営広域営農団地農道整備事業西臼杵2期地区に伴う埋蔵文化財発掘調査報告書　",-1520,"HG"
"2333","D","古墳時代中期","----","Miyazaki","平峰遺跡(1次･2次調査)","S593","PLD-12001",2855,30,"宮崎県埋蔵文化財センター発掘調査報告書　第211集　平峰遺跡(1次･2次調査)　一般国道10号都城道路建設に伴う埋蔵文化財発掘調査報告書3　",-1020,"Check"
"2392","C","弥生時代","----","Miyazaki","平田遺跡E地点","S589","Beta-211776",2190,40,"宮崎県埋蔵文化財センター発掘調査報告書　第160集　平田遺跡　D地点･E地点　一般国道10号都城道路建設に伴う埋蔵文化財発掘調査報告書1",-266,"F"
"2402","C","弥生時代中期末?後期初頭","----","Miyazaki","影平遺跡","S327","Beta-90965",2160,70,"日南市埋蔵文化財調査報告書　第7集　影平遺跡　都市計画道路園田?平野線改良工事に伴う埋蔵文化財発掘調査報告書",-202,"F"
"2405","C","弥生時代中期末?後期初頭","----","Miyazaki","影平遺跡","S327","Beta-90963",2240,90,"日南市埋蔵文化財調査報告書　第7集　影平遺跡　都市計画道路園田?平野線改良工事に伴う埋蔵文化財発掘調査報告書",-277,"F"
"2407","C","弥生時代","----","Miyazaki","後牟田遺跡","S583","Beta-218669",2070,40,"都城市文化財調査報告書　第77集　後牟田遺跡",-82,"F"
"2415","BCD","縄文時代?古墳時代","----","Miyazaki","星原遺跡","S590","Beta-178980",2950,40,"都城市文化財調査報告書　第72集　星原遺跡　-横市地区県営ほ場整備事業に伴う発掘調査報告書-",-1159,"Check"
"2421","CD","弥生時代後期後半?終末期(古墳時代初頭)","----","Miyazaki","木戸平第2遺跡","S72","PED-18729",3285,20,"宮崎県埋蔵文化財センター発掘調査報告書　第215集　木戸平第2遺跡　東九州自動車道(日向?都農間)建設に伴う埋蔵文化財発掘調査報告書7　",-1545,"Check"
"2520","BCD","縄文時代?古墳時代","----","Miyazaki","目ノ崎第1遺跡","S557","Beta-431929",3280,30,"高原町文化財調査報告書　第15集　目ノ崎遺跡　県営畑地帯総合整備事業(担手支援)に伴う埋蔵文化財発掘調査報告書(1)",-1545,"Check"
"2529","B","縄文時代後期","----","Miyazaki","竹ノ内遺跡","S271","Beta-105047",3180,50,"宮崎県埋蔵文化財センター発掘調査報告書　第27集　竹ノ内遺跡　一般県道清武インター線道路改築事業に伴う発掘調査報告書",-1452,"HG"
"2551","D","古墳時代","----","Miyazaki","西都原111号墳","S558","Beta-221291",2870,50,"特別史跡　西都原古墳群発掘調査報告書　第6集　西都原173号墳･西都原4号地下式横穴墓･西都原111号墳",-1047,"Check"
"2553","D","古墳時代","----","Miyazaki","西都原47号墳","S559","Beta-292337",2730,40,"特別史跡　西都原古墳群発掘調査報告書　第11集　西都原47号墳･西都原284号墳",-872,"F"
"2587","C","弥生時代中期","----","Miyazaki","赤石遺跡","S60","PED-11218",2220,25,"宮崎県埋蔵文化財センター発掘調査報告書　第184集　赤石遺跡　国営尾鈴農業水利事業大内ファームポンド敷地造成工事及び調製水槽工事に伴う埋蔵文化財発掘調査報告書",-277,"F"
"2588","C","弥生時代中期","----","Miyazaki","赤石遺跡","S60","PED-11216",2165,25,"宮崎県埋蔵文化財センター発掘調査報告書　第184集　赤石遺跡　国営尾鈴農業水利事業大内ファームポンド敷地造成工事及び調製水槽工事に伴う埋蔵文化財発掘調査報告書",-213,"F"
"2651","B","縄文時代早期","----","Miyazaki","高野原遺跡","S276","Beta-144212",2370,50,"高岡町埋蔵文化財調査報告書　第23集　高野原遺跡",-469,"Check"
"2654","DEF","古墳時代後期?中世","須恵器･須志器","Miyazaki","鳥ノ子遺跡","S259","Beta-117665",2390,60,"宮崎県埋蔵文化財センター発掘調査報告書　第23集　石塚遺跡･鳥ノ子遺跡　一般国道10号宮崎西バイパス建設事業に伴う発掘調査報告書(3)",-504,"F"
"2689","C","弥生時代中期後半","----","Nagasaki","中ノ瀬遺跡","S388","PLD-15514",2190,20,"長崎県佐世保文化財調査事務所調査報告書　第7集　一般国道497号伊万里松浦道路建設に伴う埋蔵文化財発掘調査報告書　Ⅱ　中ノ瀬遺跡",-293,"F"
"2690","C","弥生時代中期後半","----","Nagasaki","中ノ瀬遺跡","S388","PLD-15513",2115,20,"長崎県佐世保文化財調査事務所調査報告書　第7集　一般国道497号伊万里松浦道路建設に伴う埋蔵文化財発掘調査報告書　Ⅱ　中ノ瀬遺跡",-127,"F"
"2691","C","弥生時代中期後半","----","Nagasaki","中ノ瀬遺跡","S388","PLD-15512",2125,20,"長崎県佐世保文化財調査事務所調査報告書　第7集　一般国道497号伊万里松浦道路建設に伴う埋蔵文化財発掘調査報告書　Ⅱ　中ノ瀬遺跡",-139,"F"
"2692","C","弥生時代中期後半","----","Nagasaki","中ノ瀬遺跡","S388","PLD-15511",2090,20,"長崎県佐世保文化財調査事務所調査報告書　第7集　一般国道497号伊万里松浦道路建設に伴う埋蔵文化財発掘調査報告書　Ⅱ　中ノ瀬遺跡",-99,"F"
"2701","BCDEFG","縄文時代?近世","----","Nagasaki","今福遺跡","S388","PED-20198",3030,20,"長崎県文化財調査報告書　第211集　一般国道497号伊万里松浦道路建設に伴う埋塑像文化財発掘調査報告書　Ⅳ　今福遺跡Ⅱ",-1283,"Check"
"2735","CD","弥生時代?古墳時代","----","Nagasaki","原の辻遺跡","S173","IAAA-81941",2490,30,"原の辻遺跡調査事務所調査報告書　第40集　原の辻遺跡",-635,"F"
"2740","CD","弥生時代中期?古墳時代初頭","----","Nagasaki","原の辻遺跡","S171","PLD-6828",2075,15,"原の辻遺跡調査事務所調査報告書　第36集　原の辻遺跡",-83,"F"
"2745","CD","弥生時代後期初頭?古墳時代前期","----","Nagasaki","原の辻遺跡","S171","Beta-190659",2400,40,"原の辻遺跡調査事務所調査報告書　第29集　原の辻遺跡",-488,"F"
"2746","DE","古墳時代?古代前期","----","Nagasaki","原の辻遺跡","S171","Beta-190658",2290,40,"原の辻遺跡調査事務所調査報告書　第29集　原の辻遺跡",-354,"F"
"2798","BC","縄文時代晩期?弥生時代","----","Nagasaki","平野遺跡","S390","Beta-150402",2470,40,"長崎県文化財調査報告書　第160集　平野遺跡",-616,"Check"
"2804","B","縄文時代前期","----","Nagasaki","柿泊遺跡","S617","Beta-81751",2210,60,"柿泊遺跡　-長崎市総合運動公園建設に伴う埋蔵文化財発掘調査報告書-",-266,"Check"
"2819","C","弥生時代","----","Nagasaki","津吉遺跡群","S301","N-5010",2150,90,"津吉遺跡群発掘調査報告書",-186,"F"
"2916","BCDEFG","縄文時代?近世","----","Nagasaki","門前遺跡","S42","PLD-7415",2995,25,"長崎県佐世保文化財調査事務所調査報告書　第5集　一般国道497号佐々佐世保道路建設に伴う埋蔵文化財発掘調査報告書　Ⅶ　門前遺跡Ⅲ･武辺城跡Ⅱ　",-1232,"Check"
"2918","BCDEFG","縄文時代?近世","----","Nagasaki","門前遺跡","S42","Beta-222784",2370,40,"長崎県佐世保文化財調査事務所調査報告書　第5集　一般国道497号佐々佐世保道路建設に伴う埋蔵文化財発掘調査報告書　Ⅶ　門前遺跡Ⅲ･武辺城跡Ⅱ　",-456,"Check"
"2957","BCDEFG","縄文時代?近世","----","Nagasaki","門前遺跡","S42","Beta-188788",2230,40,"長崎県佐世保文化財調査事務所調査報告書　第5集　一般国道497号佐々佐世保道路建設に伴う埋蔵文化財発掘調査報告書　Ⅶ　門前遺跡Ⅲ･武辺城跡Ⅱ　",-279,"Check"
"2962","BCDEFG","縄文時代?近世","----","Nagasaki","門前遺跡","S42","Beta-178415",2980,40,"長崎県佐世保文化財調査事務所調査報告書　第5集　一般国道497号佐々佐世保道路建設に伴う埋蔵文化財発掘調査報告書　Ⅶ　門前遺跡Ⅲ･武辺城跡Ⅱ　",-1205,"Check"
"2963","BCDEFG","縄文時代?近世","----","Nagasaki","門前遺跡","S42","Beta-188785",2880,60,"長崎県佐世保文化財調査事務所調査報告書　第5集　一般国道497号佐々佐世保道路建設に伴う埋蔵文化財発掘調査報告書　Ⅶ　門前遺跡Ⅲ･武辺城跡Ⅱ　",-1064,"Check"
"2970","BCD","縄文時代晩期?古墳時代","----","Nagasaki","風観岳支石墓遺跡群","S569","Beta-213231",3230,40,"諫早市文化財調査報告書　第19集　風観岳支石墓群発掘調査報告書",-1490,"Check"
"2971","BCD","縄文時代晩期?古墳時代","----","Nagasaki","風観岳支石墓遺跡群","S569","Beta-213232",2440,40,"諫早市文化財調査報告書　第19集　風観岳支石墓群発掘調査報告書",-547,"Check"
"2973","BCD","縄文時代晩期?古墳時代","----","Nagasaki","風観岳支石墓遺跡群","S569","Beta-213234",2470,40,"諫早市文化財調査報告書　第19集　風観岳支石墓群発掘調査報告書",-616,"Check"
"2993","BC","縄文時代?弥生時代","----","Nagasaki","黒丸遺跡","S214","Beta-92434",2840,70,"長崎県文化財調査報告書　第132集　黒丸遺跡Ⅱ　",-1010,"Check"
"2995","BC","縄文時代?弥生時代","----","Nagasaki","黒丸遺跡","S214","Beta-92433",2880,50,"長崎県文化財調査報告書　第132集　黒丸遺跡Ⅱ　",-1063,"Check"
"3000","B","縄文時代","----","Ooita","ノヲガケ遺跡","S341","Beta-271165",2550,40,"ノヲガケ遺跡　日田市埋蔵文化財調査報告書第105集　",-677,"Check"
"3018","C","弥生時代中期","須久Ⅰ式またはⅡ式","Ooita","下郡遺跡","S179","PLD-5109",2185,25,"弥生農耕の起源と東アジア-炭素14年代測定による高精度編年体系の構築-平成16～20年文部科学省・科学研究費学術創成研究費　研究成果報告書",-287,"F"
"3040","CD","弥生時代後期?古墳時代前期","----","Ooita","二本木遺跡","S578","Gak-6882",2120,40,"大野原の遺跡　大分県大野地区遺跡群緊急発掘調査報告書総集編　",-137,"F"
"3042","CD","弥生時代後期?古墳時代前期","----","Ooita","二本木遺跡","S578","Gak-6880",2120,50,"大野原の遺跡　大分県大野地区遺跡群緊急発掘調査報告書総集編　",-141,"F"
"3046","C","弥生時代中期後葉","----","Ooita","佐寺原遺跡(3次調査)","S338","PLD-12398",2165,20,"佐寺原遺跡　ｰ2･3次調査ｰ",-212,"F"
"3047","C","弥生時代中期中葉","----","Ooita","佐寺原遺跡(3次調査)","S338","PLD-12741",2215,20,"佐寺原遺跡　ｰ2･3次調査ｰ",-278,"F"
"3048","C","弥生時代中期後葉","----","Ooita","佐寺原遺跡(3次調査)","S338","PLD-12399",2150,20,"佐寺原遺跡　ｰ2･3次調査ｰ",-186,"F"
"3049","C","弥生時代後期?古墳時代前期","----","Ooita","佐寺原遺跡(3次調査)","S338","PLD-12742",2060,20,"佐寺原遺跡　ｰ2･3次調査ｰ",-66,"F"
"3050","C","弥生時代中期後葉","----","Ooita","佐寺原遺跡(3次調査)","S338","PLD-12397",2155,20,"佐寺原遺跡　ｰ2･3次調査ｰ",-192,"F"
"3063","B","縄文時代晩期","----","Ooita","加来東遺跡","S18","PLD-21211",2820,20,"加来東遺跡　市道加来黒水線新設工事に伴う埋蔵文化財発掘調査報告書(2)　中津市文化財調査報告　第62集　",-970,"HG"
"3147","B","縄文時代後期後葉","三万田式期","Ooita","木所遺跡","S518","PLD-17899",3265,20,"木所遺跡　~農村振興総合整備事業野津地区に伴う発掘調査~",-1522,"HG"
"3185","B","縄文時代後期","----","Ooita","法垣遺跡","S19","PLD-25949",2270,20,"法垣遺跡3次･4次調査　ｰ本文､遺構･遺物図版､石製品写真図版･観察表編ｰ　事務所建設･地域振興施設(道の駅)建設に伴う埋蔵文化財発掘調査報告書(2)　中津市文化財調査報告　第84集　",-360,"Check"
"3193","C","弥生時代中期","----","Ooita","深町遺跡","S187","MTC-08505",2155,40,"弥生農耕の起源と東アジア-炭素14年代測定による高精度編年体系の構築-平成16～20年文部科学省・科学研究費学術創成研究費　研究成果報告書",-193,"F"
"3202","B","縄文時代後期?晩期","----","Ooita","玉沢地区条里跡遺跡","S187","PAL-790",3040,100,"玉沢地区条里跡　第2次発掘調査報告書(トキハわさだタウン地点)",-1275,"HG"
"3220","C","弥生時代中期","須久Ⅰ式","Ooita","米竹遺跡","S191","PLD-5106",2230,20,"弥生農耕の起源と東アジア-炭素14年代測定による高精度編年体系の構築-平成16～20年文部科学省・科学研究費学術創成研究費　研究成果報告書",-273,"F"
"3221","C","弥生時代中期","須久Ⅰ式","Ooita","米竹遺跡","S191","PLD-5104",2235,20,"弥生農耕の起源と東アジア-炭素14年代測定による高精度編年体系の構築-平成16～20年文部科学省・科学研究費学術創成研究費　研究成果報告書",-273,"F"
"3222","CDE","弥生時代?古代","----","Ooita","若宮八幡宮遺跡","S176","IAAA-72218",2110,30,"庄の原佐野線建設工事に伴う埋蔵文化財発掘調査報告書(4）若宮八幡宮遺跡　東横前a、b地区　宮の前a?d地区",-123,"F"
"3226","C","弥生時代中期初頭","城ノ越式期","Ooita","葛原遺跡(6次調査)","S339","PLD-14580",2270,20,"葛原遺跡6次　大行事遺跡2次",-360,"F"
"3227","C","弥生時代中期初頭","城ノ越式期","Ooita","葛原遺跡(6次調査)","S339","PLD-14579",2200,20,"葛原遺跡6次　大行事遺跡2次",-288,"F"
"3266","C","弥生時代前期前半･後期後半?終末","----","Saga","吉野ヶ里遺跡(志波屋四の坪地区･Ⅱ区)","S462","Beta-316698",2440,30,"佐賀県文化財調査報告書　第211集　吉野ヶ里遺跡　-国営吉野ヶ里歴史公園整備に伴う埋蔵文化財調査報告書3-",-535,"F"
"3267","C","弥生時代前期前半･後期後半?終末","----","Saga","吉野ヶ里遺跡(志波屋四の坪地区･Ⅱ区)","S462","Beta-316697",2420,30,"佐賀県文化財調査報告書　第211集　吉野ヶ里遺跡　-国営吉野ヶ里歴史公園整備に伴う埋蔵文化財調査報告書3-",-498,"F"
