"PhaseID";"SiteID";"Country";"Culture1";"C14ID";"C14.Age";"C14.SD";"LabID"
"AGER";"S08909";"Denmark";"Ertebølle";22282;5300;55;"AAR-5970"
"AGER";"S08909";"Denmark";"Ertebølle";22286;5375;50;"AAR-5969"
"AGER";"S08909";"Denmark";"Ertebølle";22285;5350;60;"AAR-2655"
"AGER";"S08909";"Denmark";"Ertebølle";22290;5620;65;"AAR-5962"
"AGER";"S08909";"Denmark";"Ertebølle";22280;5265;60;"AAR-2654"
"AGER";"S08909";"Denmark";"Ertebølle";22291;5640;80;"AAR-2652"
"AGER";"S08909";"Denmark";"Ertebølle";22294;6225;55;"AAR-5967"
"AGER";"S08909";"Denmark";"Ertebølle";22289;5565;50;"AAR-5963"
"AGER";"S08909";"Denmark";"Ertebølle";22281;5270;80;"AAR-5961"
"AGER";"S08909";"Denmark";"Ertebølle";22284;5340;75;"AAR-2656"
"AGER";"S08909";"Denmark";"Ertebølle";22283;5310;65;"AAR-5968"
"AGER";"S08909";"Denmark";"Ertebølle";22293;5685;50;"AAR-5966"
"AGER";"S08909";"Denmark";"Ertebølle";22287;5430;70;"AAR-2653"
"AGER";"S08909";"Denmark";"Ertebølle";22288;5555;45;"AAR-5960"
"AGER";"S08909";"Denmark";"Ertebølle";22292;5650;60;"AAR-5964"
"AKNG2";"S08018";"Denmark";"Ertebølle";20353;5140;70;"AAR-4395"
"AKNG2";"S08018";"Denmark";"Ertebølle";20352;5135;50;"AAR-4453"
"AKNG2";"S08018";"Denmark";"Ertebølle";20360;5250;70;"K-4887"
"BJOER1";"S04652";"Denmark";"Ertebølle";28247;5792;41;"UBA-35718"
"BODAL1";"S07871";"Denmark";"Ertebølle";28255;6435;44;"UBA-38238"
"BODAL1";"S07871";"Denmark";"Ertebølle";20041;5250;50;"AAR-4771"
"BODAL1";"S07871";"Denmark";"Ertebølle";20044;5380;50;"AAR-4769"
"BODAL2";"S07871";"Denmark";"Ertebølle";20033;4920;40;"AAR-7054"
"BODAL2";"S07871";"Denmark";"Ertebølle";20034;4970;60;"AAR-6826"
"BODAL2";"S07871";"Denmark";"Ertebølle";20036;5115;50;"AAR-6943"
"BODAL2";"S07871";"Denmark";"Ertebølle";20035;5110;40;"AAR-6945"
"BODAL2";"S07871";"Denmark";"Ertebølle";20039;5209;41;"AAR-7194"
"BODAL2";"S07871";"Denmark";"Ertebølle";20040;5240;45;"AAR-4772"
"BODAL2";"S07871";"Denmark";"Ertebølle";20037;5135;45;"AAR-6944"
"BOG";"S07864";"Denmark";"Ertebølle";20004;6290;75;"K-2782"
"BOG";"S07864";"Denmark";"Ertebølle";20003;6050;75;"K-2781"
"BOG";"S07864";"Denmark";"Ertebølle";20002;5810;105;"K-2784"
"CHRI";"S07886";"Denmark";"Ertebølle";20071;5310;100;"K-729"
"CHRI";"S07886";"Denmark";"Ertebølle";20072;5370;100;"K-750"
"DRG1";"S07894";"Denmark";"Ertebølle";28272;6002;60;"NZA-15678"
"DRG1";"S07894";"Denmark";"Ertebølle";28267;6208;60;"NZA-15676"
"DRG1";"S07894";"Denmark";"Ertebølle";28264;5160;100;"K-2224"
"DRG1";"S07894";"Denmark";"Ertebølle";28273;6030;55;"NZA-15954"
"DRG1";"S07894";"Denmark";"Ertebølle";28271;6296;39;"AAR-7415-2"
"DRG1";"S07894";"Denmark";"Ertebølle";28265;6187;43;"AAR-7414"
"DRG1";"S07894";"Denmark";"Ertebølle";28269;5930;100;"K-2225"
"DRG1";"S07894";"Denmark";"Ertebølle";28266;6209;40;"AAR-7414-2"
"DRG1";"S07894";"Denmark";"Ertebølle";28268;6115;60;"NZA-15953"
"DRG1";"S07894";"Denmark";"Ertebølle";28185;6175;49;"AAR-7415"
"ERTEBE1";"S07904";"Denmark";"Ertebølle";20108;5340;70;"K-4933"
"ERTEBE1";"S07904";"Denmark";"Ertebølle";28285;5611;53;"UBA-35704"
"ERTEBE1";"S07904";"Denmark";"Ertebølle";28284;5981;50;"UBA-37882"
"FANED1";"S11305";"Denmark";"Ertebølle";28289;5821;37;"AAR-28400"
"FANEE1";"S11306";"Denmark";"Ertebølle";28290;5911;43;"UBA-35705"
"FANEF1";"S11307";"Denmark";"Ertebølle";28509;6377;30;"AAR-19687"
"HAVN1";"S10652";"Denmark";"Ertebølle";28318;5947;33;"UBA-39153"
"HENBOG1";"S11313";"Denmark";"Ertebølle";28320;6140;50;"Ua-23784"
"HENBOG1";"S11313";"Denmark";"Ertebølle";28321;6298;58;"UBA-35717"
"HENBOG1";"S11313";"Denmark";"Ertebølle";28324;6260;75;"Ua-23794"
"HENBOG1";"S11313";"Denmark";"Ertebølle";28322;6060;60;"Ua-23786"
"HENBOG1";"S11313";"Denmark";"Ertebølle";28323;6420;70;"Ua-23787"
"HOLM-DJU1";"S11315";"Denmark";"Ertebølle";28325;6030;80;"K-359"
"HOLM-DJU1";"S11315";"Denmark";"Ertebølle";28326;6280;130;"OxA-118"
"HOLM-DJU1";"S11315";"Denmark";"Ertebølle";28327;6080;80;"OxA-533"
"HOLM4";"S07968";"Denmark";"Ertebølle";20237;6220;100;"K-3559"
"HV";"S04379";"Denmark";"Ertebølle";22641;6430;100;"K-5344"
"HV";"S04379";"Denmark";"Ertebølle";22639;6130;75;"K-5621"
"HV";"S04379";"Denmark";"Ertebølle";22640;6370;75;"K-5622"
"KNH2";"S08017";"Denmark";"Ertebølle";20346;5260;100;"K-923"
"KOED1";"S08014";"Denmark";"Ertebølle";28369;6443;44;"UBA-35710"
"KOED1";"S08014";"Denmark";"Ertebølle";28367;6581;35;"UBA-37883"
"KOED1";"S08014";"Denmark";"Ertebølle";28366;6400;73;"UBA-39552"
"KOED1";"S08014";"Denmark";"Ertebølle";28365;6200;75;"K-3750"
"KOED1";"S08014";"Denmark";"Ertebølle";28368;6426;50;"UBA-37884"
"KRABII";"S08026";"Denmark";"Ertebølle";22722;4790;40;"Poz-26157"
"LANSTA1";"S11401";"Denmark";"Ertebølle";28393;5496;57;"UBA-37896"
"LIHM";"S02813";"Denmark";"Ertebølle";11398;5745;145;"Ua-1500"
"LOLLI1";"S08055";"Denmark";"Ertebølle";22783;5890;55;"AAR-7410.2"
"MOLLII";"S08905";"Denmark";"Ertebølle";22819;6170;85;"K-6040"
"MOLLII";"S08905";"Denmark";"Ertebølle";22820;6270;80;"K-6682"
"MOLLII";"S08905";"Denmark";"Ertebølle";22821;6290;75;"K-6681"
"MOLLII";"S08905";"Denmark";"Ertebølle";22818;5910;75;"K-5640"
"NEDER1";"S11329";"Denmark";"Ertebølle";28409;6289;45;"AAR-28401"
"NIV1";"S08092";"Denmark";"Ertebølle";20531;4680;80;"K-7117"
"NIV1";"S08092";"Denmark";"Ertebølle";20532;6000;50;"K-7116"
"NMES";"S04901";"Denmark";"Ertebølle";28413;5800;35;"AAR-8556"
"NMES";"S04901";"Denmark";"Ertebølle";28412;5790;95;"K-5199"
"PREN1";"S08108";"Denmark";"Ertebølle";20598;5260;65;"K-3773"
"RAVNS1";"S11332";"Denmark";"Ertebølle";28422;5308;43;"AAR-10993;BCH198:4a+b"
"RING1";"S08112";"Denmark";"Ertebølle";20622;5420;210;"K-4133"
"RING1";"S08112";"Denmark";"Ertebølle";20623;5490;100;"K-1653"
"RING1";"S08112";"Denmark";"Ertebølle";20620;5320;100;"K-1654"
"RING1";"S08112";"Denmark";"Ertebølle";20621;5410;95;"K-4368"
"RING1";"S08112";"Denmark";"Ertebølle";20625;5610;110;"K-1652"
"RING1";"S08112";"Denmark";"Ertebølle";20619;5230;70;"K-4132"
"RING1";"S08112";"Denmark";"Ertebølle";20626;5820;95;"K-4367"
"RING1";"S08112";"Denmark";"Ertebølle";20624;5500;110;"K-1765"
"RING1";"S08112";"Denmark";"Ertebølle";20618;5200;70;"K-4369"
"RING3";"S08112";"Denmark";"Ertebølle";20616;5120;70;"K-4370"
"RONS";"S08118";"Denmark";"Ertebølle";20633;4640;55;"AAR-6608"
"SMK1";"S08149";"Denmark";"Ertebølle";20704;6189;49;"AA-43837"
"SMK1";"S08149";"Denmark";"Ertebølle";20705;6495;60;"AAR-3783"
"SMK1";"S08149";"Denmark";"Ertebølle";20703;6140;60;"AAR-3782"
"SMK1";"S08149";"Denmark";"Ertebølle";20702;5319;65;"AAR-3318"
"SNH";"S09154";"Denmark";"Ertebølle";23033;4770;85;"K-4770"
"SNH";"S09154";"Denmark";"Ertebølle";23034;4960;90;"K-4771"
"SOLAG1";"S08146";"Denmark";"Ertebølle";28466;5553;40;"UBA-37887"
"SOLAG1";"S08146";"Denmark";"Ertebølle";20696;5520;110;"K-1723"
"SPK1";"S08157";"Denmark";"Ertebølle";20721;5180;40;"AAR-4818"
"SPK1";"S08157";"Denmark";"Ertebølle";20717;5095;45;"AAR-4819"
"SPK1";"S08157";"Denmark";"Ertebølle";20720;5140;65;"K-5044"
"SPK1";"S08157";"Denmark";"Ertebølle";20719;5130;65;"K-5043"
"SPK1";"S08157";"Denmark";"Ertebølle";20718;5110;65;"K-5041"
"SPK1";"S08157";"Denmark";"Ertebølle";20716;5050;65;"K-5042"
"SPK1";"S08157";"Denmark";"Ertebølle";20715;4640;100;"AAR-5114"
"TUDHAG2";"S11418";"Denmark";"Ertebølle";28473;6794;49;"UBA-40929"
"TUDHAG2";"S11418";"Denmark";"Ertebølle";28474;6608;47;"UBA-38242"
"TUDHAG2";"S11418";"Denmark";"Ertebølle";28475;7012;44;"UBA-40852"
"TUDHAG2";"S11418";"Denmark";"Ertebølle";28476;7173;69;"UBA-38243"
"TYVIG2";"S08197";"Denmark";"Ertebølle";22244;6820;55;"AAR-9341"
"TYVIG2";"S08197";"Denmark";"Ertebølle";22245;6905;55;"AAR-9342"
"VENG";"S04099";"Denmark";"Ertebølle";20854;5500;70;"K-3920"
"VENG1";"S04099";"Denmark";"Ertebølle";11176;5420;80;"OxA-532"
"VENG1";"S04099";"Denmark";"Ertebølle";11175;5475;130;"OxA-117"
"ADV";"S01042";"Sweden";"Ertebølle";3122;6540;75;"Lu-697"
"ADV";"S01042";"Sweden";"Ertebølle";3114;6860;70;"Lu-1623"
"ADV";"S01042";"Sweden";"Ertebølle";3115;6800;90;"Lu-963"
"ADV";"S01042";"Sweden";"Ertebølle";3116;6720;75;"Lu-696"
"ADV";"S01042";"Sweden";"Ertebølle";3117;6710;70;"Lu-1502"
"ADV";"S01042";"Sweden";"Ertebølle";3118;6680;70;"Lu-1622"
"ARL";"S01116";"Sweden";"Ertebølle";3126;6290;70;"Lu-757"
"ARL";"S01116";"Sweden";"Ertebølle";3130;6160;75;"Lu-756"
"ARL";"S01116";"Sweden";"Ertebølle";3120;6640;100;"Lu-1007"
"BOKE1";"S01329";"Sweden";"Ertebølle";11310;6410;100;"Ua-2028"
"BOKE1";"S01329";"Sweden";"Ertebølle";11314;6015;75;"Ua-3549"
"BOKE1";"S01329";"Sweden";"Ertebølle";11316;5845;65;"Ua-3550"
"BOKE1";"S01329";"Sweden";"Ertebølle";11315;6000;80;"Lu-3451"
"BOKE1";"S01329";"Sweden";"Ertebølle";11308;6740;90;"Lu-3453"
"BOKE1";"S01329";"Sweden";"Ertebølle";11311;6375;70;"Ua-3551"
"BOKE1";"S01329";"Sweden";"Ertebølle";11313;6270;110;"Ua-2027"
"BOKE1";"S01329";"Sweden";"Ertebølle";11309;6430;90;"Lu-3454"
"BOKE1";"S01329";"Sweden";"Ertebølle";11312;6370;80;"Lu-3452"
"BRED";"S01361";"Sweden";"Ertebølle";3144;5340;70;"Lu-2420"
"BRED";"S01361";"Sweden";"Ertebølle";3153;5170;60;"Lu-2422"
"BTFG";"S01394";"Sweden";"Ertebølle";3119;6670;80;"Lu-1617"
"ELND";"S01819";"Sweden";"Ertebølle";20102;5030;85;"Ua-13663"
"ELND";"S01819";"Sweden";"Ertebølle";3145;5320;210;"U-48"
"LODS";"S02835";"Sweden";"Ertebølle";20404;5260;80;"Lu-1842"
"NYIII";"S08930";"Sweden";"Ertebølle";20562;5750;60;"Lu-2767"
"NYIII";"S08930";"Sweden";"Ertebølle";11098;6380;160;"Ua-368"
"NYIII";"S08930";"Sweden";"Ertebølle";11099;6190;160;"Ua-369"
"NYIII";"S08930";"Sweden";"Ertebølle";11100;5930;60;"Lu-2557"
"PRLT1";"S03257";"Sweden";"Ertebølle";11570;4840;75;"Ua-4395"
"PRLT1";"S03257";"Sweden";"Ertebølle";11568;5225;75;"Ua-4396"
"SKATEI";"S08915";"Sweden";"Ertebølle";29729;5990;70;"Lu-2116"
"STEN";"S03875";"Sweden";"Ertebølle";20727;5390;100;"Lu-2198"
"ALBY2";"S08041";"Sweden";"Trichterbecher";20403;4900;70;"Ua-16293"
"ALMV1";"S07857";"Sweden";"Trichterbecher";22361;5065;60;"Ua-21383"
"ALMV1";"S07857";"Sweden";"Trichterbecher";22362;5095;45;"Ua-20582"
"ALMV1";"S07857";"Sweden";"Trichterbecher";22349;4660;40;"Ua-33027"
"ALMV1";"S07857";"Sweden";"Trichterbecher";19986;4885;40;"Ua-20417"
"ALMV1";"S07857";"Sweden";"Trichterbecher";22350;4690;60;"Ua-18753"
"ALMV1";"S07857";"Sweden";"Trichterbecher";22355;4930;45;"Ua-23873"
"ALMV1";"S07857";"Sweden";"Trichterbecher";22354;4910;45;"Ua-32533"
"ALMV1";"S07857";"Sweden";"Trichterbecher";22353;4910;80;"Ua-14491"
"ALMV1";"S07857";"Sweden";"Trichterbecher";22348;4570;55;"Ua-21329"
"ALMV1";"S07857";"Sweden";"Trichterbecher";22360;5000;40;"Ua-32530"
"ALMV1";"S07857";"Sweden";"Trichterbecher";22351;4780;50;"Ua-21382"
"ALMV1";"S07857";"Sweden";"Trichterbecher";22359;5000;95;"Ua-17156"
"ALMV1";"S07857";"Sweden";"Trichterbecher";22352;4880;45;"Ua-32531"
"ALMV1";"S07857";"Sweden";"Trichterbecher";22358;4990;70;"Ua-17158"
"ALMV1";"S07857";"Sweden";"Trichterbecher";22356;4940;40;"Ua-32532"
"ALMV1";"S07857";"Sweden";"Trichterbecher";22357;4960;50;"Ua-22166"
"ANBG";"S07859";"Sweden";"Trichterbecher";19989;5120;150;"Ua-102"
"ANG1";"S01082";"Sweden";"Trichterbecher";20525;5000;300;"GrA-17860"
"ÄNGDA1";"S01083";"Sweden";"Trichterbecher";28236;4913;32;"UBA-39935"
"ÄNGDA1";"S01083";"Sweden";"Trichterbecher";28237;4990;80;"Lu-3652"
"ARNS";"S08115";"Sweden";"Trichterbecher";20629;4975;70;"Ua-25554"
"ATTN";"S01147";"Sweden";"Trichterbecher";20799;3865;70;"St-5149"
"BATSG";"S01225";"Sweden";"Trichterbecher";20064;4950;95;"KI-2678"
"BLMN";"S10379";"Sweden";"Trichterbecher";26355;4465;32;"UBA-28119"
"BUNK";"S09071";"Sweden";"Trichterbecher";22451;4910;45;"Ua-34229"
"BUNK";"S09071";"Sweden";"Trichterbecher";22450;4575;55;"Ua-21380"
"BUNK3";"S09072";"Sweden";"Trichterbecher";22452;4605;50;"Ua-22167"
"DOSE1";"S11182";"Sweden";"Trichterbecher";27119;4200;35;"Ua-28703"
"DOSE1";"S11182";"Sweden";"Trichterbecher";27118;4305;50;"Ua-28702"
"DOSE1";"S11182";"Sweden";"Trichterbecher";27124;1820;35;"Ua-29124"
"DOSE1";"S11182";"Sweden";"Trichterbecher";27120;4966;36;"Ua-29120"
"DOSE1";"S11182";"Sweden";"Trichterbecher";27109;1445;35;"Ua-28693"
"DOSE1";"S11182";"Sweden";"Trichterbecher";27128;5029;38;"Ua-29128"
"DOSE1";"S11182";"Sweden";"Trichterbecher";27125;4228;38;"Ua-29125"
"DOSE1";"S11182";"Sweden";"Trichterbecher";27117;4490;40;"Ua-28701"
"DOSE1";"S11182";"Sweden";"Trichterbecher";27122;4153;38;"Ua-29122"
"DOSE1";"S11182";"Sweden";"Trichterbecher";27110;5195;50;"Ua-28694"
"DOSE1";"S11182";"Sweden";"Trichterbecher";27111;5080;50;"Ua-28695"
"DOSE1";"S11182";"Sweden";"Trichterbecher";27121;4953;52;"Ua-29121"
"DOSE1";"S11182";"Sweden";"Trichterbecher";27113;4840;45;"Ua-28697"
"DOSE1";"S11182";"Sweden";"Trichterbecher";27114;4205;45;"Ua-28698"
"DOSE1";"S11182";"Sweden";"Trichterbecher";27115;4585;40;"Ua-28699"
"DOSE1";"S11182";"Sweden";"Trichterbecher";27112;8985;65;"Ua-28696"
"DOSE1";"S11182";"Sweden";"Trichterbecher";27126;1312;34;"Ua-29126"
"DOSE1";"S11182";"Sweden";"Trichterbecher";27123;4276;36;"Ua-29123"
"DOSE1";"S11182";"Sweden";"Trichterbecher";27116;2925;35;"Ua-28700"
"DOSE1";"S11182";"Sweden";"Trichterbecher";27127;4101;36;"Ua-29127"
"EVELN1";"S01864";"Sweden";"Trichterbecher";28287;5259;37;"AAR-11206"
"EVELN1";"S01864";"Sweden";"Trichterbecher";28288;4610;100;"St-3839"
"EVELN1";"S01864";"Sweden";"Trichterbecher";28286;5010;75;"Ua-7837"
"F1MLN";"S10380";"Sweden";"Trichterbecher";26389;4302;31;"UBA-25390"
"F1MLN";"S10380";"Sweden";"Trichterbecher";26318;3564;32;"UBA-25388"
"F1MLN";"S10380";"Sweden";"Trichterbecher";26317;4377;34;"UBA-25893"
"F26MN";"S10378";"Sweden";"Trichterbecher";26312;4319;68;"UBA-26334"
"F26MN";"S10378";"Sweden";"Trichterbecher";26302;4119;52;"Ua-48038"
"F26MN";"S10378";"Sweden";"Trichterbecher";26370;4418;42;"UBA-28508"
"F26MN";"S10378";"Sweden";"Trichterbecher";26322;4368;32;"UBA-28507"
"F26MN";"S10378";"Sweden";"Trichterbecher";26301;4140;32;"Ua-48040"
"F3MN";"S07905";"Sweden";"Trichterbecher";26426;4428;45;"AAR-10233"
"F3MN";"S07905";"Sweden";"Trichterbecher";26404;4380;42;"AAR-10234"
"FAGN";"S01870";"Sweden";"Trichterbecher";3268;4285;75;"Ua-4018"
"FAGN";"S01870";"Sweden";"Trichterbecher";3184;4870;90;"Ua-4019"
"FAGN";"S01870";"Sweden";"Trichterbecher";22583;4945;50;"Ua-17200"
"FAGN";"S01870";"Sweden";"Trichterbecher";3159;5035;90;"Ua-4021"
"FAGN";"S01870";"Sweden";"Trichterbecher";3163;4995;85;"Ua-4020"
"FAGN";"S01870";"Sweden";"Trichterbecher";3182;4900;60;"Ua-4017"
"FAGN";"S01870";"Sweden";"Trichterbecher";3160;5015;50;"Ua-4001"
"FAGN";"S01870";"Sweden";"Trichterbecher";3162;5005;75;"Ua-4023"
"FAGN";"S01870";"Sweden";"Trichterbecher";3191;4815;75;"Ua-4006"
"FAGN";"S01870";"Sweden";"Trichterbecher";3179;4910;60;"Ua-4004"
"FAGN";"S01870";"Sweden";"Trichterbecher";3217;4635;90;"Ua-4022"
"FAGN";"S01870";"Sweden";"Trichterbecher";20122;4620;140;"Ua-18705"
"FAGN";"S01870";"Sweden";"Trichterbecher";3203;4720;55;"Ua-4003"
"FAGN";"S01870";"Sweden";"Trichterbecher";22582;4810;85;"Ua-10024"
"FAGN";"S01870";"Sweden";"Trichterbecher";3181;4900;75;"Ua-4007"
"FARK";"S07907";"Sweden";"Trichterbecher";20116;4150;50;"GrA-15118"
"FJE55EN";"S11159";"Sweden";"Trichterbecher";26860;4987;32;"Ua-59107"
"FJKE";"S07913";"Sweden";"Trichterbecher";20127;4465;40;"GrA-15250"
"FOS";"S09092";"Sweden";"Trichterbecher";22594;4970;70;"Ua-15037"
"FOS";"S09092";"Sweden";"Trichterbecher";22593;4970;85;"Ua-15817"
"FOS";"S09092";"Sweden";"Trichterbecher";22592;4845;75;"Ua-15024"
"FRDG";"S07919";"Sweden";"Trichterbecher";20135;4680;70;"Ua-15444"
"FROT";"S01965";"Sweden";"Trichterbecher";11514;3730;60;"Ua-6245"
"FROT";"S01965";"Sweden";"Trichterbecher";11504;5015;65;"Ua-6235"
"FROT";"S01965";"Sweden";"Trichterbecher";11511;4850;60;"Ua-6232"
"FROT";"S01965";"Sweden";"Trichterbecher";11507;4950;60;"Ua-6244"
"FROT";"S01965";"Sweden";"Trichterbecher";20136;5000;70;"Ua-6243"
"FROT";"S01965";"Sweden";"Trichterbecher";11510;4870;100;"Ua-5580"
"FROT";"S01965";"Sweden";"Trichterbecher";11503;5055;65;"Ua-6233"
"FROT";"S01965";"Sweden";"Trichterbecher";11509;4900;75;"Ua-6237"
"FROT";"S01965";"Sweden";"Trichterbecher";11512;4760;50;"Ua-6231"
"FROT";"S01965";"Sweden";"Trichterbecher";11506;4980;75;"Ua-6238"
"FROT";"S01965";"Sweden";"Trichterbecher";11513;4655;65;"Ua-6242"
"FROT";"S01965";"Sweden";"Trichterbecher";11508;4915;60;"Ua-6230"
"G17MN";"S10383";"Sweden";"Trichterbecher";26361;4293;42;"AAR-9992"
"G17MN";"S10383";"Sweden";"Trichterbecher";26410;4305;65;"AAR-9993"
"G17MN";"S10383";"Sweden";"Trichterbecher";26409;4375;43;"AAR-9994"
"G94MN";"S10382";"Sweden";"Trichterbecher";26359;4425;40;"Ua-20947"
"G94MN";"S10382";"Sweden";"Trichterbecher";26392;4232;48;"AAR-10236"
"G94MN";"S10382";"Sweden";"Trichterbecher";26384;4341;44;"AAR-10235"
"G94MN";"S10382";"Sweden";"Trichterbecher";28313;4404;21;"OxA-39288"
"G94MN";"S10382";"Sweden";"Trichterbecher";26430;4315;40;"Ua-20946"
"GOKM1";"S02035";"Sweden";"Trichterbecher";11519;4370;260;"UCLA-2763b"
"GOKM1";"S02035";"Sweden";"Trichterbecher";11523;3810;85;"Ua-66"
"GOKM1";"S02035";"Sweden";"Trichterbecher";20885;4290;40;"GrA-14299"
"GOKM1";"S02035";"Sweden";"Trichterbecher";11525;3415;445;"St-11266"
"GOKM1";"S02035";"Sweden";"Trichterbecher";11521;3900;215;"St-11268"
"GOKM1";"S02035";"Sweden";"Trichterbecher";11520;4200;300;"St-11658"
"GOKM1";"S02035";"Sweden";"Trichterbecher";11518;4430;110;"Ua-67"
"GOKM1";"S02035";"Sweden";"Trichterbecher";11516;5005;235;"St-11267"
"GOKM1";"S02035";"Sweden";"Trichterbecher";11524;3715;190;"St-11269"
"GRTT";"S07936";"Sweden";"Trichterbecher";20165;4700;80;"Ua-3543"
"GUSTA1";"S11282";"Sweden";"Trichterbecher";28862;3984;32;"Ua-30604"
"GUSTA1";"S11282";"Sweden";"Trichterbecher";28863;3806;31;"Ua-30607"
"HAG1";"S07957";"Sweden";"Trichterbecher";20220;5035;95;"St-10039"
"HALLEN";"S02180";"Sweden";"Trichterbecher";26478;4350;100;"St-2861"
"HALLEN";"S02180";"Sweden";"Trichterbecher";26480;4964;42;"UBA-30518"
"HALLEN";"S02180";"Sweden";"Trichterbecher";26479;4360;65;"Ua-3962"
"HINBY";"S09101";"Sweden";"Trichterbecher";22666;5570;110;"Ua-1575"
"HINBY";"S09101";"Sweden";"Trichterbecher";22664;4560;90;"Lu-3583"
"HINBY";"S09101";"Sweden";"Trichterbecher";22665;4585;95;"Ua-1572"
"HJLB";"S02239";"Sweden";"Trichterbecher";22668;4695;65;"Ua-3368"
"HNDY1";"S02237";"Sweden";"Trichterbecher";10981;3540;60;"Lu-845"
"HNDY1";"S02237";"Sweden";"Trichterbecher";29808;4443;40;"UBA-35702"
"HNDY1";"S02237";"Sweden";"Trichterbecher";10976;4430;100;"Lu-2732"
"HNDY1";"S02237";"Sweden";"Trichterbecher";29809;4447;37;"UBA-35703"
"HNDY1";"S02237";"Sweden";"Trichterbecher";10978;4240;60;"Lu-2731"
"HNDY1";"S02237";"Sweden";"Trichterbecher";10977;4430;70;"Lu-2568"
"HNDY1";"S02237";"Sweden";"Trichterbecher";10979;4130;90;"Lu-2733"
"HNDY1";"S02237";"Sweden";"Trichterbecher";29807;4530;64;"UBA-35700"
"HUNN";"S07976";"Sweden";"Trichterbecher";20260;4380;50;"GrA-15169"
"HYLL";"S02283";"Sweden";"Trichterbecher";22702;4545;40;"Ua-33974"
"HYLL";"S02283";"Sweden";"Trichterbecher";22697;4210;50;"Ua-21305"
"HYLL";"S02283";"Sweden";"Trichterbecher";22704;4750;55;"Ua-32367"
"HYLL";"S02283";"Sweden";"Trichterbecher";22698;4230;65;"Ua-17346"
"HYLL";"S02283";"Sweden";"Trichterbecher";22701;4540;35;"Ua-33977"
"HYLL";"S02283";"Sweden";"Trichterbecher";22705;5260;50;"Ua-32360"
"HYLL";"S02283";"Sweden";"Trichterbecher";22703;4670;65;"Ua-19668"
"HYLL";"S02283";"Sweden";"Trichterbecher";22700;4535;35;"Ua-33973"
"HYLL";"S02283";"Sweden";"Trichterbecher";22699;4410;55;"Ua-21283"
"INGL1";"S02298";"Sweden";"Trichterbecher";10952;4220;115;"Lu-1850"
"JATT";"S02327";"Sweden";"Trichterbecher";20282;5220;70;"Ua-2788"
"JONSP1";"S02335";"Sweden";"Trichterbecher";11199;4130;70;"Lu-2593"
"JONSP1";"S02335";"Sweden";"Trichterbecher";11200;4120;90;"St-4581"
"K105MLN";"S07994";"Sweden";"Trichterbecher";26380;4218;33;"UBA-28506"
"K105MLN";"S07994";"Sweden";"Trichterbecher";26455;3730;31;"UBA-28505"
"K57MN";"S07996";"Sweden";"Trichterbecher";26345;4433;36;"UBA-25800"
"K57MN";"S07996";"Sweden";"Trichterbecher";26348;4410;34;"UBA-25801"
"K59MN";"S09108";"Sweden";"Trichterbecher";26325;4404;42;"UBA-25379"
"K71LNEBA";"S07997";"Sweden";"Trichterbecher";26314;3552;40;"UBA-25380"
"K71LNEBA";"S07997";"Sweden";"Trichterbecher";26308;3286;34;"UBA-25381"
"K71LNEBA";"S07997";"Sweden";"Trichterbecher";26341;3358;35;"UBA-25382"
"KABA2";"S02346";"Sweden";"Trichterbecher";10950;4540;80;"Lu-2773"
"KABA2";"S02346";"Sweden";"Trichterbecher";10951;4500;70;"Lu-2801"
"KABA2";"S02346";"Sweden";"Trichterbecher";10955;3960;70;"Lu-2630"
"KABA2";"S02346";"Sweden";"Trichterbecher";10956;3920;60;"Lu-2631"
"KALL";"S08009";"Sweden";"Trichterbecher";22710;5025;60;"Ua-17207"
"KALL";"S08009";"Sweden";"Trichterbecher";22709;4795;75;"Ua-18397"
"KAMN";"S08009";"Sweden";"Trichterbecher";20330;4795;65;"Ua-18398"
"KARL1";"S02361";"Sweden";"Trichterbecher";10961;4370;220;"Ua-81"
"KARL1";"S02361";"Sweden";"Trichterbecher";10962;4100;125;"Ua-82"
"KARL59";"S09108";"Sweden";"Trichterbecher";22712;4415;40;"GrA-17909"
"KARR";"S08028";"Sweden";"Trichterbecher";20387;4490;80;"Beta-71664"
"KRLOG";"S08230";"Sweden";"Trichterbecher";20898;4530;60;"Ua-13401"
"KVARKAL1";"S08033";"Sweden";"Trichterbecher";27945;4690;75;"Ua-9809"
"KVARKAL1";"S08033";"Sweden";"Trichterbecher";27947;4975;75;"Ua-9808"
"KVARKAL1";"S08033";"Sweden";"Trichterbecher";27946;4686;28;"Ua-52673"
"KVARKAL1";"S08033";"Sweden";"Trichterbecher";27944;4520;80;"Ua-9811"
"KVARKAL1";"S08033";"Sweden";"Trichterbecher";27943;4760;75;"Ua-9810"
"L16LN";"S08063";"Sweden";"Trichterbecher";26316;3476;40;"UBA-31651"
"L16LN";"S08063";"Sweden";"Trichterbecher";26425;3687;30;"UBA-31649"
"L16LN";"S08063";"Sweden";"Trichterbecher";26400;3459;32;"OxA-22005"
"L16MN";"S08063";"Sweden";"Trichterbecher";26305;4574;34;"UBA-25892"
"L16MN";"S08063";"Sweden";"Trichterbecher";26381;4403;33;"UBA-31650"
"LAJD";"S08037";"Sweden";"Trichterbecher";22726;5200;60;"Beta-71658"
"LAJD";"S08037";"Sweden";"Trichterbecher";20397;4700;60;"Beta-70635"
"LBJ";"S09132";"Sweden";"Trichterbecher";22788;4880;70;"Ua-18921"
"LILL";"S08045";"Sweden";"Trichterbecher";20414;4670;60;"GrA-17735"
"LINAG";"S08049";"Sweden";"Trichterbecher";22775;4940;40;"Ua-32967"
"LINAG";"S08049";"Sweden";"Trichterbecher";20430;5025;45;"Ua-32969"
"LLB1";"S02804";"Sweden";"Trichterbecher";10924;4375;120;"Ua-1209"
"LLB1";"S02804";"Sweden";"Trichterbecher";10926;3740;60;"Lu-2464"
"LLB1";"S02804";"Sweden";"Trichterbecher";10925;3995;110;"Ua-1208"
"LOD4";"S02836";"Sweden";"Trichterbecher";10940;4130;60;"Lu-801"
"LOD4";"S02836";"Sweden";"Trichterbecher";10943;3840;60;"Lu-808"
"LOD4";"S02836";"Sweden";"Trichterbecher";10942;3860;60;"Lu-658"
"LORP";"S08052";"Sweden";"Trichterbecher";22782;5230;75;"Ua-13145"
"LORP";"S08052";"Sweden";"Trichterbecher";22781;4785;40;"Ua-21553"
"LORP";"S08052";"Sweden";"Trichterbecher";20434;4880;50;"Ua-21548"
"LTSN";"S02796";"Sweden";"Trichterbecher";20409;4690;80;"Ua-2473"
"MOSY1";"S03049";"Sweden";"Trichterbecher";10934;5238;120;"Ua-429"
"MOSY1";"S03049";"Sweden";"Trichterbecher";10938;4915;110;"Ua-753"
"MRLA";"S08079";"Sweden";"Trichterbecher";20482;4410;60;"Ua-5404"
"NAVE";"S08096";"Sweden";"Trichterbecher";20557;4575;60;"Ua-26687"
"NYM2";"S03158";"Sweden";"Trichterbecher";11112;3300;60;"Lu-2558"
"NYST";"S08098";"Sweden";"Trichterbecher";20563;4670;95;"Ua-17860"
"OLAS1";"S03190";"Sweden";"Trichterbecher";3202;4725;105;"Ua-1471"
"OLAS1";"S03190";"Sweden";"Trichterbecher";3192;4810;100;"Ua-1470"
"OSTOR1";"S11261";"Sweden";"Trichterbecher";29647;5185;64;"Ua-60707"
"OSTOR1";"S11261";"Sweden";"Trichterbecher";29646;5065;60;"LuS-12903"
"OSTOR1";"S11261";"Sweden";"Trichterbecher";29649;4175;49;"Ua-60711"
"OSTOR1";"S11261";"Sweden";"Trichterbecher";29650;4051;52;"Ua-60712"
"OSTOR1";"S11261";"Sweden";"Trichterbecher";29644;4770;50;"LuS-12901"
"OSTOR1";"S11261";"Sweden";"Trichterbecher";29645;4740;40;"LuS-14004"
"OSTOR1";"S11261";"Sweden";"Trichterbecher";29648;4885;37;"Ua-60708"
"OSTV";"S08174";"Sweden";"Trichterbecher";20750;4810;85;"Ua-6221"
"OSTV";"S08174";"Sweden";"Trichterbecher";23050;4600;60;"Ua-6937"
"OX";"S09143";"Sweden";"Trichterbecher";22904;5395;60;"Ua-22172"
"PTR6";"S08105";"Sweden";"Trichterbecher";20581;4795;60;"Ua-11857"
"RESM1";"S10522";"Sweden";"Trichterbecher";26467;4500;45;"Ua-34940"
"RESM1";"S10522";"Sweden";"Trichterbecher";26468;4565;50;"Ua-34944"
"RESM1";"S10522";"Sweden";"Trichterbecher";23186;4185;40;"GrA-16854"
"RESM1";"S10522";"Sweden";"Trichterbecher";23184;4330;50;"Ua-34943"
"RESM1";"S10522";"Sweden";"Trichterbecher";26469;4325;40;"Ua-34967"
"RESM1";"S10522";"Sweden";"Trichterbecher";23189;4085;45;"Ua-34949"
"RESM1";"S10522";"Sweden";"Trichterbecher";23191;4055;45;"Ua-34945"
"RESM1";"S10522";"Sweden";"Trichterbecher";23187;4160;35;"Ua-34957"
"RESM1";"S10522";"Sweden";"Trichterbecher";23188;4110;35;"Ua-43954"
"RESM1";"S10522";"Sweden";"Trichterbecher";23190;4065;35;"Ua-34959"
"RESM1";"S10522";"Sweden";"Trichterbecher";23178;4545;45;"Ua-34942"
"RESM1";"S10522";"Sweden";"Trichterbecher";23193;4030;45;"Ua-34941"
"RESM1";"S10522";"Sweden";"Trichterbecher";23183;4430;35;"Ua-34952"
"RESM1";"S10522";"Sweden";"Trichterbecher";23182;4460;45;"Ua-34939"
"RESM1";"S10522";"Sweden";"Trichterbecher";23176;4570;40;"GrA-16856"
"RESM1";"S10522";"Sweden";"Trichterbecher";23179;4520;40;"GrA-16858"
"RESM1";"S10522";"Sweden";"Trichterbecher";23175;4685;40;"GrA-16855"
"RESM1";"S10522";"Sweden";"Trichterbecher";23181;4465;45;"Ua-34948"
"RESM2";"S10522";"Sweden";"Trichterbecher";26470;3940;45;"Ua-34950"
"RESM2";"S10522";"Sweden";"Trichterbecher";26472;4055;35;"Ua-34953"
"RESM2";"S10522";"Sweden";"Trichterbecher";26473;4110;35;"Ua-34954"
"RMSG1";"S03429";"Sweden";"Trichterbecher";10930;4480;65;"Lu-278"
"RMSG1";"S03429";"Sweden";"Trichterbecher";10928;4540;90;"Lu-257"
"RMSG1";"S03429";"Sweden";"Trichterbecher";10931;4330;65;"Lu-275"
"ROSS2";"S03539";"Sweden";"Trichterbecher";11531;4420;150;"OxA-2711"
"ROSS2";"S03539";"Sweden";"Trichterbecher";26328;4541;31;"UBA-36812"
"ROSS2";"S03539";"Sweden";"Trichterbecher";23210;4790;50;"Ua-32614"
"ROSS2";"S03539";"Sweden";"Trichterbecher";26323;4477;35;"UBA-36306"
"ROSS2";"S03539";"Sweden";"Trichterbecher";11533;4400;110;"OxA-2713"
"ROSS2";"S03539";"Sweden";"Trichterbecher";23208;4435;44;"AAR-10237"
"ROSS2";"S03539";"Sweden";"Trichterbecher";26367;4410;30;"Beta-423312"
"ROSS2";"S03539";"Sweden";"Trichterbecher";11530;4440;120;"OxA-2714"
"ROSS2";"S03539";"Sweden";"Trichterbecher";23212;4160;40;"Ua-32604"
"ROSS2";"S03539";"Sweden";"Trichterbecher";26330;4430;30;"Beta-446191"
"ROSS2";"S03539";"Sweden";"Trichterbecher";11532;4400;130;"OxA-2710"
"ROSS2";"S03539";"Sweden";"Trichterbecher";11534;4360;70;"OxA-2763"
"ROSS2";"S03539";"Sweden";"Trichterbecher";23221;3525;45;"Ua-32612"
"ROSS2";"S03539";"Sweden";"Trichterbecher";26335;4450;30;"Beta-446194"
"ROSS2";"S03539";"Sweden";"Trichterbecher";26428;4390;30;"Beta-446192"
"ROSS2";"S03539";"Sweden";"Trichterbecher";26356;4310;30;"Beta-446190"
"ROSS2";"S03539";"Sweden";"Trichterbecher";11529;4450;110;"OxA-2717"
"ROSS2";"S03539";"Sweden";"Trichterbecher";23209;4503;44;"AAR-10238"
"ROSS2";"S03539";"Sweden";"Trichterbecher";11538;4080;110;"OxA-2716"
"ROSS2";"S03539";"Sweden";"Trichterbecher";26332;4520;30;"Beta-446196"
"ROSS2";"S03539";"Sweden";"Trichterbecher";23219;4420;40;"Ua-32606"
"ROSS2";"S03539";"Sweden";"Trichterbecher";11528;4460;150;"OxA-2707"
"ROSS2";"S03539";"Sweden";"Trichterbecher";26390;4390;30;"Beta-423313"
"ROSS2";"S03539";"Sweden";"Trichterbecher";26346;4426;41;"UBA-36308"
"ROSS2";"S03539";"Sweden";"Trichterbecher";26369;4470;30;"Beta-446189"
"ROSS2";"S03539";"Sweden";"Trichterbecher";26327;4537;35;"UBA-36311"
"ROSS2";"S03539";"Sweden";"Trichterbecher";11540;3580;130;"OxA-2709"
"ROSS2";"S03539";"Sweden";"Trichterbecher";26354;4440;30;"Beta-423311"
"ROSS2";"S03539";"Sweden";"Trichterbecher";26388;4153;33;"UBA-36310"
"ROSS2";"S03539";"Sweden";"Trichterbecher";26376;4430;30;"Beta-446188"
"ROSS2";"S03539";"Sweden";"Trichterbecher";26357;4468;35;"UBA-36314"
"ROSS2";"S03539";"Sweden";"Trichterbecher";11539;3990;110;"OxA-2719"
"ROSS2";"S03539";"Sweden";"Trichterbecher";23220;4400;45;"Ua-32607"
"ROSS2";"S03539";"Sweden";"Trichterbecher";23222;4670;45;"Ua-32611"
"ROSS2";"S03539";"Sweden";"Trichterbecher";23218;4780;45;"Ua-32617"
"ROSS2";"S03539";"Sweden";"Trichterbecher";26311;4461;41;"UBA-36313"
"ROSS2";"S03539";"Sweden";"Trichterbecher";26338;4205;45;"UBA-36309"
"ROSS2";"S03539";"Sweden";"Trichterbecher";26303;4476;47;"UBA-36312"
"ROSS2";"S03539";"Sweden";"Trichterbecher";11536;4090;110;"OxA-2718"
"ROSS2";"S03539";"Sweden";"Trichterbecher";26306;4341;35;"UBA-36305"
"ROSS2";"S03539";"Sweden";"Trichterbecher";11537;4080;110;"OxA-2715"
"ROSS2";"S03539";"Sweden";"Trichterbecher";23224;4455;45;"Ua-32619"
"ROSS2";"S03539";"Sweden";"Trichterbecher";26358;4360;30;"Beta-446193"
"ROSS2";"S03539";"Sweden";"Trichterbecher";11535;4290;110;"OxA-2720"
"ROSS2";"S03539";"Sweden";"Trichterbecher";23217;4480;45;"Ua-32613"
"ROSS2";"S03539";"Sweden";"Trichterbecher";23213;4515;45;"Ua-32605"
"ROSS2";"S03539";"Sweden";"Trichterbecher";26336;4190;30;"Beta-446195"
"ROSS2";"S03539";"Sweden";"Trichterbecher";23215;4550;45;"Ua-32608"
"ROSS2";"S03539";"Sweden";"Trichterbecher";26324;4487;34;"UBA-36307"
"ROSS2";"S03539";"Sweden";"Trichterbecher";23223;4890;50;"Ua-32615"
"ROSS2";"S03539";"Sweden";"Trichterbecher";23216;4685;50;"Ua-32616"
"ROSS2";"S03539";"Sweden";"Trichterbecher";23211;4325;45;"Ua-32610"
"ROSS2";"S03539";"Sweden";"Trichterbecher";23214;4660;50;"Ua-32603"
"ROSS2EN";"S03539";"Sweden";"Trichterbecher";26402;4635;33;"UBA-36811"
"SIRE1";"S03779";"Sweden";"Trichterbecher";11097;4360;75;"Lu-563"
"SIRE1";"S03779";"Sweden";"Trichterbecher";11096;4610;65;"Lu-577"
"SK";"S09153";"Sweden";"Trichterbecher";23020;4615;40;"Ua-26850"
"SKGE";"S08143";"Sweden";"Trichterbecher";20691;4690;80;"GrA-18511"
"SKGN";"S08144";"Sweden";"Trichterbecher";23028;4930;80;"Ua-10973"
"SKGN";"S08144";"Sweden";"Trichterbecher";20692;4775;70;"Ua-15198"
"SKGN";"S08144";"Sweden";"Trichterbecher";23029;4940;50;"Ua-18716"
"SKGN";"S08144";"Sweden";"Trichterbecher";23022;4735;75;"Ua-15199"
"SKGN";"S08144";"Sweden";"Trichterbecher";23025;4850;60;"Ua-10862"
"SKGN";"S08144";"Sweden";"Trichterbecher";23021;4680;70;"Ua-14834"
"SKGN";"S08144";"Sweden";"Trichterbecher";23023;4795;75;"Ua-14835"
"SKGN";"S08144";"Sweden";"Trichterbecher";23026;4870;65;"Ua-14833"
"SKGN";"S08144";"Sweden";"Trichterbecher";23027;4880;110;"Ua-15200"
"SKGN";"S08144";"Sweden";"Trichterbecher";23024;4850;80;"Ua-16201"
"SKMT";"S08145";"Sweden";"Trichterbecher";23031;5055;50;"Ua-18719"
"SKMT";"S08145";"Sweden";"Trichterbecher";23032;5170;65;"Ua-18718"
"SKMT";"S08145";"Sweden";"Trichterbecher";23030;4810;75;"Ua-18720"
"SLRP";"S08148";"Sweden";"Trichterbecher";20698;4570;50;"GrA-15135"
"SMLN";"S08150";"Sweden";"Trichterbecher";20706;5130;100;"Ua-1385"
"STBG1";"S09158";"Sweden";"Trichterbecher";23044;4800;50;"LuS-9184"
"STBG1";"S09158";"Sweden";"Trichterbecher";23042;4710;75;"LuS-9571"
"STBG1";"S09158";"Sweden";"Trichterbecher";23043;4760;50;"LuS-9570"
"TJSP";"S08187";"Sweden";"Trichterbecher";23055;5050;90;"Ua-10899"
"TJSP";"S08187";"Sweden";"Trichterbecher";23054;4865;55;"Ua-10898"
"TJSP";"S08187";"Sweden";"Trichterbecher";20773;4955;70;"Ua-10900"
"TORS1";"S04013";"Sweden";"Trichterbecher";11328;3680;105;"Ua-596"
"TORS1";"S04013";"Sweden";"Trichterbecher";11322;4490;90;"Ua-944"
"TORS1";"S04013";"Sweden";"Trichterbecher";11323;4300;80;"Ua-1712"
"TORS1";"S04013";"Sweden";"Trichterbecher";11326;4020;80;"Ua-943"
"TORS1";"S04013";"Sweden";"Trichterbecher";11327;3960;75;"Ua-983"
"TORS1";"S04013";"Sweden";"Trichterbecher";11324;4230;100;"Ua-717"
"TRON";"S04033";"Sweden";"Trichterbecher";20795;4860;80;"Hv-8992"
"TRSA";"S08194";"Sweden";"Trichterbecher";20796;4955;45;"Ua-22408"
"TRSA";"S08194";"Sweden";"Trichterbecher";23056;5105;45;"Ua-22409"
"TYGE";"S08198";"Sweden";"Trichterbecher";20807;5050;110;"Beta-37682"
"TYGEL1";"S11271";"Sweden";"Trichterbecher";28173;5084;38;"Ua-46240"
"TYGEL1";"S11271";"Sweden";"Trichterbecher";28172;4790;36;"Ua-43335"
"VALT";"S08206";"Sweden";"Trichterbecher";20818;4430;40;"GrA-14296"
"VASG";"S08225";"Sweden";"Trichterbecher";20877;4900;90;"Ua-13623"
"VATT1";"S04124";"Sweden";"Trichterbecher";3229;4550;140;"U-47b"
"VATT1";"S04124";"Sweden";"Trichterbecher";3188;4820;180;"U-47"
"VATT1";"S04124";"Sweden";"Trichterbecher";3207;4680;140;"U-46"
"VDG";"S04128";"Sweden";"Trichterbecher";23064;5160;78;"Ua-29267"
"VDG";"S04128";"Sweden";"Trichterbecher";11417;4590;110;"Ua-1469"
"VDG";"S04128";"Sweden";"Trichterbecher";11416;4795;105;"Ua-5405"
"VDG";"S04128";"Sweden";"Trichterbecher";23063;4750;50;"Ua-27592"
"VINPA1";"S11216";"Sweden";"Trichterbecher";28038;4867;34;"Ua-43394"
"VINPA1";"S11216";"Sweden";"Trichterbecher";28040;3713;31;"Ua-43505"
"VINPA1";"S11216";"Sweden";"Trichterbecher";28039;4816;37;"Ua-43726"
"VINT";"S09166";"Sweden";"Trichterbecher";23073;4820;75;"Ua-16204"
"VISB1";"S04161";"Sweden";"Trichterbecher";3267;4290;125;"St-4296"
"VISB1";"S04161";"Sweden";"Trichterbecher";3292;4080;130;"St-4297"
"VISB1";"S04161";"Sweden";"Trichterbecher";3276;4210;100;"St-4295"
"VISB1";"S04161";"Sweden";"Trichterbecher";3251;4420;135;"St-4298"
"VLSJ";"S09164";"Sweden";"Trichterbecher";23061;4770;46;"AAR-9468"
"VRBY1";"S04112";"Sweden";"Trichterbecher";3189;4820;100;"Lu-10"
"VRBY1";"S04112";"Sweden";"Trichterbecher";23077;4900;100;"KN-103"
"AKNG3";"S08018";"Denmark";"Trichterbecher";20357;5185;40;"AAR-5112"
"AKNG3";"S08018";"Denmark";"Trichterbecher";20358;5195;40;"AAR-4816"
"AKNG3";"S08018";"Denmark";"Trichterbecher";20354;5140;40;"AAR-5111"
"AKNG3";"S08018";"Denmark";"Trichterbecher";20359;5195;45;"AAR-5109"
"AKNG3";"S08018";"Denmark";"Trichterbecher";20355;5150;100;"AAR-5110"
"AKNG3";"S08018";"Denmark";"Trichterbecher";20356;5155;40;"AAR-4817"
"AKNG3";"S08018";"Denmark";"Trichterbecher";20362;5385;40;"AAR-5108"
"AKNG3";"S08018";"Denmark";"Trichterbecher";20349;5095;45;"AAR-5363"
"AKNG3";"S08018";"Denmark";"Trichterbecher";20348;5070;45;"AAR-5113"
"AUV1";"S01163";"Denmark";"Trichterbecher";11588;4140;105;"TUa-156"
"AUV1";"S01163";"Denmark";"Trichterbecher";11579;4460;155;"TUa-151"
"AUV1";"S01163";"Denmark";"Trichterbecher";11575;4975;245;"TUa-153"
"AUV1";"S01163";"Denmark";"Trichterbecher";11585;4355;85;"TUa-291"
"AUV1";"S01163";"Denmark";"Trichterbecher";11583;4375;95;"TUa-287"
"AUV1";"S01163";"Denmark";"Trichterbecher";11576;4510;85;"TUa-290"
"AUV1";"S01163";"Denmark";"Trichterbecher";11587;4285;110;"TUa-152"
"AUV1";"S01163";"Denmark";"Trichterbecher";11577;4505;100;"TUa-136B"
"AUV1";"S01163";"Denmark";"Trichterbecher";11584;4360;85;"TUa-286"
"AUV1";"S01163";"Denmark";"Trichterbecher";11578;4505;85;"TUa-288"
"AUV1";"S01163";"Denmark";"Trichterbecher";11582;4415;135;"TUa-158"
"AUV1";"S01163";"Denmark";"Trichterbecher";11586;4295;130;"TUa-154"
"AUV1";"S01163";"Denmark";"Trichterbecher";11589;3570;160;"T-3436"
"AUV1";"S01163";"Denmark";"Trichterbecher";11580;4430;105;"TUa-157"
"AUV1";"S01163";"Denmark";"Trichterbecher";11581;4430;95;"TUa-289"
"AUV1";"S01163";"Denmark";"Trichterbecher";11574;4980;120;"TUa-137B"
"AVLEB1";"S11473";"Denmark";"Trichterbecher";28528;4510;32;"UBA-40443"
"BJ3";"S07868";"Denmark";"Trichterbecher";20019;4490;55;"AAR-4028"
"BJ3";"S07868";"Denmark";"Trichterbecher";20020;4600;75;"K-5819"
"BODM";"S07872";"Denmark";"Trichterbecher";20048;5110;75;"K-6444"
"BORE";"S07875";"Denmark";"Trichterbecher";20051;4525;90;"K-5537"
"BUN";"S07883";"Denmark";"Trichterbecher";20066;4400;65;"K-3278"
"BUN";"S07883";"Denmark";"Trichterbecher";20067;4450;60;"K-3279"
"BYGNOR1";"S11466";"Denmark";"Trichterbecher";28530;4836;35;"UBA-38227"
"BYGNOR1";"S11466";"Denmark";"Trichterbecher";28531;4912;29;"UBA-37881"
"BYMN";"S07885";"Denmark";"Trichterbecher";20069;4740;90;"K-3473"
"DORT";"S07893";"Denmark";"Trichterbecher";20086;4220;100;"K-2429"
"DORT";"S07893";"Denmark";"Trichterbecher";20084;4110;100;"K-2273"
"DORT";"S07893";"Denmark";"Trichterbecher";20085;4200;100;"K-2275"
"DORT";"S07893";"Denmark";"Trichterbecher";20088;4550;100;"K-2432"
"DORT";"S07893";"Denmark";"Trichterbecher";20087;4540;100;"K-2430"
"DRG2";"S07894";"Denmark";"Trichterbecher";28281;5983;38;"AAR-7417"
"DRG2";"S07894";"Denmark";"Trichterbecher";28277;5102;37;"AAR-7416-2"
"DRG2";"S07894";"Denmark";"Trichterbecher";28279;4977;50;"NZA-15955"
"DRG2";"S07894";"Denmark";"Trichterbecher";28282;5799;50;"AAR-7418"
"DRG2";"S07894";"Denmark";"Trichterbecher";28276;4989;46;"AAR-7416"
"DRG2";"S07894";"Denmark";"Trichterbecher";28275;4840;100;"K-2291"
"DRG2";"S07894";"Denmark";"Trichterbecher";28278;5145;60;"NZA-15679"
"DRG2";"S07894";"Denmark";"Trichterbecher";28283;5090;65;"AAR-7418-2"
"EGSE";"S07900";"Denmark";"Trichterbecher";20100;4960;70;"K-6540"
"EGSE";"S07900";"Denmark";"Trichterbecher";20101;5230;70;"K-6539"
"FAELN";"S10547";"Denmark";"Trichterbecher";26488;3536;54;"UBA-31297"
"FANP";"S07908";"Denmark";"Trichterbecher";20117;4350;65;"K-4051"
"FANP";"S07908";"Denmark";"Trichterbecher";20119;4420;95;"K-4050"
"FANP";"S07908";"Denmark";"Trichterbecher";20118;4390;70;"K-4049"
"FERV";"S07910";"Denmark";"Trichterbecher";20121;4430;120;"K-717"
"FOUM";"S07918";"Denmark";"Trichterbecher";20132;4530;100;"K-1602"
"FOUM";"S07918";"Denmark";"Trichterbecher";20133;4540;110;"K-1601"
"FRLE";"S07909";"Denmark";"Trichterbecher";20120;4940;95;"K-6299"
"HERR";"S07953";"Denmark";"Trichterbecher";20210;4510;100;"K-1767"
"HERR";"S07953";"Denmark";"Trichterbecher";20211;4530;100;"K-1768"
"HERR";"S07953";"Denmark";"Trichterbecher";20212;4610;100;"K-1769"
"HERR";"S07953";"Denmark";"Trichterbecher";20213;4650;100;"K-1766"
"HESS";"S07954";"Denmark";"Trichterbecher";20214;4590;95;"K-6298"
"HJH7";"S09102";"Denmark";"Trichterbecher";22667;4900;40;"Poz-28068"
"HNDG";"S07944";"Denmark";"Trichterbecher";20184;4670;80;"K-4215"
"HNDG";"S07944";"Denmark";"Trichterbecher";20183;4580;80;"K-4216"
"HNDG";"S07944";"Denmark";"Trichterbecher";20182;4560;80;"K-4214"
"HORD";"S07964";"Denmark";"Trichterbecher";20232;4640;85;"K-6133"
"HUD1";"S07978";"Denmark";"Trichterbecher";20263;4510;90;"K-2779"
"HVJE";"S07979";"Denmark";"Trichterbecher";20265;4620;55;"Ka-6976"
"JORJ";"S07986";"Denmark";"Trichterbecher";20277;4485;50;"Ka-7001"
"KILD";"S08004";"Denmark";"Trichterbecher";20320;4860;110;"AAR-1849"
"KILV";"S09109";"Denmark";"Trichterbecher";22713;4823;35;"AAR-8515"
"KLLR";"S08001";"Denmark";"Trichterbecher";20316;4490;65;"K-3515"
"KLOKK1";"S08010";"Denmark";"Trichterbecher";20334;4550;65;"K-2954"
"KLOKK1";"S08010";"Denmark";"Trichterbecher";28357;4750;58;"UBA-37889"
"KLOKK1";"S08010";"Denmark";"Trichterbecher";28361;4847;34;"UBA-37888"
"KLOKK1";"S08010";"Denmark";"Trichterbecher";28364;4756;37;"UBA-40811"
"KNH1";"S08017";"Denmark";"Trichterbecher";20345;4850;100;"K-919"
"KONG31";"S08019";"Denmark";"Trichterbecher";20369;5020;55;"K-4889"
"KONG31";"S08019";"Denmark";"Trichterbecher";20374;6310;75;"K-4890"
"KONG31";"S08019";"Denmark";"Trichterbecher";20373;5240;65;"K-4891"
"KONG31";"S08019";"Denmark";"Trichterbecher";20372;5110;65;"K-4888"
"KONG31";"S08019";"Denmark";"Trichterbecher";20366;4990;65;"K-4884"
"KONG31";"S08019";"Denmark";"Trichterbecher";20365;4950;60;"K-4885"
"KONGI1";"S08022";"Denmark";"Trichterbecher";20379;5160;110;"AAR-1848"
"KORP";"S08023";"Denmark";"Trichterbecher";20380;4090;100;"K-2115"
"KYNDMN";"S10221";"Denmark";"Trichterbecher";28390;4189;28;"OxA-28264"
"KYNDMN";"S10221";"Denmark";"Trichterbecher";28384;4602;47;"AAR-12435"
"KYNDMN";"S10221";"Denmark";"Trichterbecher";28392;4145;27;"OxA-28263"
"KYNDMN";"S10221";"Denmark";"Trichterbecher";28385;4668;43;"AAR-12434"
"KYNDMN";"S10221";"Denmark";"Trichterbecher";28389;4071;27;"OxA-28296"
"KYNDMN";"S10221";"Denmark";"Trichterbecher";28391;4187;28;"OxA-28297"
"KYNDMN";"S10221";"Denmark";"Trichterbecher";28383;3968;27;"OxA-28265"
"LD";"S04410";"Denmark";"Trichterbecher";20411;4260;100;"K-2269"
"LD";"S04410";"Denmark";"Trichterbecher";20410;4210;100;"K-2271"
"LD";"S04410";"Denmark";"Trichterbecher";20412;4300;100;"K-2272"
"LD";"S04410";"Denmark";"Trichterbecher";20413;4390;100;"K-2270"
"LIND2";"S08047";"Denmark";"Trichterbecher";20426;5010;100;"K-1659"
"LJSM";"S08050";"Denmark";"Trichterbecher";20431;5030;90;"AAR-1850"
"LMND3";"S02809";"Denmark";"Trichterbecher";10903;5000;70;"OxA-2895"
"LMND3";"S02809";"Denmark";"Trichterbecher";20423;4210;70;"OxA-2891"
"LMND3";"S02809";"Denmark";"Trichterbecher";10904;3710;70;"OxA-2893"
"LMND3";"S02809";"Denmark";"Trichterbecher";20422;4200;70;"OxA-2890"
"LNGE";"S08038";"Denmark";"Trichterbecher";20398;4595;55;"AAR-4321"
"LNT";"S08888";"Denmark";"Trichterbecher";26574;4498;23;"AAR-15369"
"LSBJ";"S09128";"Denmark";"Trichterbecher";22773;5075;50;"AAR-9227"
"LSBJ";"S09128";"Denmark";"Trichterbecher";22771;4975;55;"AAR-9225"
"LSBJ";"S09128";"Denmark";"Trichterbecher";22774;5120;49;"AAR-8550"
"LSBJ";"S09128";"Denmark";"Trichterbecher";22772;5190;90;"AAR-8542"
"MAGJ";"S08065";"Denmark";"Trichterbecher";20463;4440;50;"Ka-6975"
"MGNG";"S08066";"Denmark";"Trichterbecher";20464;4700;65;"K-3779"
"MGRN";"S08082";"Denmark";"Trichterbecher";20487;4890;90;"K-3464"
"MGRN";"S08082";"Denmark";"Trichterbecher";20488;5080;90;"K-3463"
"MLDG";"S08084";"Denmark";"Trichterbecher";20500;4940;160;"K-129"
"MLDG";"S08084";"Denmark";"Trichterbecher";20497;4850;120;"K-127"
"MLDG";"S08084";"Denmark";"Trichterbecher";20501;5010;50;"AAR-4994"
"MLDG";"S08084";"Denmark";"Trichterbecher";22849;4980;70;"K-2889"
"MLDG";"S08084";"Denmark";"Trichterbecher";20499;4910;160;"K-128"
"MLDG";"S08084";"Denmark";"Trichterbecher";20492;4610;150;"K-131"
"MLDG";"S08084";"Denmark";"Trichterbecher";20498;4880;170;"K-126"
"MLDG";"S08084";"Denmark";"Trichterbecher";20502;5050;45;"AAR-4993"
"MLDG";"S08084";"Denmark";"Trichterbecher";20496;4840;170;"K-125"
"MLDG";"S08084";"Denmark";"Trichterbecher";20495;4770;150;"K-123b"
"MLDG";"S08084";"Denmark";"Trichterbecher";22847;4930;65;"K-4477"
"MLDG";"S08084";"Denmark";"Trichterbecher";22846;4830;65;"K-4476"
"MLDG";"S08084";"Denmark";"Trichterbecher";22848;4940;65;"K-4478"
"MLDG";"S08084";"Denmark";"Trichterbecher";20493;4660;150;"K-132"
"MLDG";"S08084";"Denmark";"Trichterbecher";20491;4600;170;"K-124"
"MLDG";"S08084";"Denmark";"Trichterbecher";20494;4680;120;"K-123a"
"MYRMO1";"S11327";"Denmark";"Trichterbecher";28405;4640;320;"K-3702"
"NAESELN";"S10565";"Denmark";"Trichterbecher";26494;3865;60;"AAR-10059"
"NISS";"S08091";"Denmark";"Trichterbecher";20530;6020;45;"AAR-6658"
"NNEO";"S04901";"Denmark";"Trichterbecher";20550;5075;45;"AAR-5364"
"NNEO";"S04901";"Denmark";"Trichterbecher";20549;5010;45;"AAR-5365"
"OGR1";"S07929";"Denmark";"Trichterbecher";20154;5030;90;"K-5057"
"OGR1";"S07929";"Denmark";"Trichterbecher";20155;5060;65;"K-4333"
"OGR1";"S07929";"Denmark";"Trichterbecher";22601;4510;90;"K-2279"
"OGR1";"S07929";"Denmark";"Trichterbecher";20895;4560;60;"K-2845"
"OGR1";"S07929";"Denmark";"Trichterbecher";20890;4590;60;"K-2846"
"OGR1";"S07929";"Denmark";"Trichterbecher";20889;4530;50;"K-3675"
"OGR21";"S07930";"Denmark";"Trichterbecher";20156;4560;65;"K-3677"
"OGR21";"S07930";"Denmark";"Trichterbecher";20157;4590;85;"K-3678"
"OGR5";"S07932";"Denmark";"Trichterbecher";20159;4860;75;"Ka-6443"
"OGRSV";"S07933";"Denmark";"Trichterbecher";20160;4900;50;"AAR-4320"
"OLTE";"S08059";"Denmark";"Trichterbecher";20445;4735;65;"AAR-4322"
"OLTE";"S08059";"Denmark";"Trichterbecher";20446;4710;100;"K-2356"
"ORLM";"S08103";"Denmark";"Trichterbecher";20579;4870;70;"Ka-6445"
"OSER";"S08164";"Denmark";"Trichterbecher";20733;4310;100;"K-1789"
"OSTP2";"S08176";"Denmark";"Trichterbecher";20753;4450;90;"K-6058"
"PARP";"S08109";"Denmark";"Trichterbecher";20599;4920;95;"K-6297"
"PREN";"S08108";"Denmark";"Trichterbecher";20587;4750;100;"K-1962"
"PREN";"S08108";"Denmark";"Trichterbecher";20595;4980;110;"K-1961"
"PREN";"S08108";"Denmark";"Trichterbecher";20596;5010;100;"K-1473"
"PREN";"S08108";"Denmark";"Trichterbecher";20593;4950;100;"K-2057"
"PREN";"S08108";"Denmark";"Trichterbecher";20591;4890;110;"K-1651"
"PREN";"S08108";"Denmark";"Trichterbecher";20592;4890;110;"K-1656"
"PREN";"S08108";"Denmark";"Trichterbecher";20589;4790;100;"K-2058"
"PREN";"S08108";"Denmark";"Trichterbecher";20588;4760;100;"K-1963"
"PREN";"S08108";"Denmark";"Trichterbecher";20594;4960;110;"K-1650"
"PREN";"S08108";"Denmark";"Trichterbecher";20590;4830;100;"K-2056"
"RAVJ";"S08124";"Denmark";"Trichterbecher";20644;4540;45;"Ka-7000"
"RING2";"S08112";"Denmark";"Trichterbecher";20614;4800;65;"K-4372"
"RING2";"S08112";"Denmark";"Trichterbecher";20615;5080;70;"K-4371"
"RUDE1";"S11335";"Denmark";"Trichterbecher";28426;4725;15;"UCIAMS-232708"
"RUDE1";"S11335";"Denmark";"Trichterbecher";28425;4838;29;"UBA-37876"
"RUDE1";"S11335";"Denmark";"Trichterbecher";28428;4901;37;"UBA-37877"
"RUDE1";"S11335";"Denmark";"Trichterbecher";28424;4260;85;"K-3123B"
"RUDE1";"S11335";"Denmark";"Trichterbecher";28429;4488;38;"UBA-39551"
"RUDE1";"S11335";"Denmark";"Trichterbecher";28427;4180;85;"K-3123A"
"RUSP";"S08123";"Denmark";"Trichterbecher";20639;4910;100;"K-2253"
"RUSP";"S08123";"Denmark";"Trichterbecher";20642;4970;100;"K-2254"
"RUSP";"S08123";"Denmark";"Trichterbecher";20640;4920;100;"K-2255"
"SMK2";"S08149";"Denmark";"Trichterbecher";20700;5059;68;"AAR-3316"
"SMK2";"S08149";"Denmark";"Trichterbecher";20701;5060;61;"AAR-3317"
"SNLV";"S08155";"Denmark";"Trichterbecher";20712;4600;90;"K-2778"
"SOBY";"S08159";"Denmark";"Trichterbecher";20725;4940;80;"Ka-6448"
"SPDG";"S08158";"Denmark";"Trichterbecher";20722;4240;60;"K-4074"
"SPDG";"S08158";"Denmark";"Trichterbecher";20724;4370;70;"K-4073"
"SPDG";"S08158";"Denmark";"Trichterbecher";20723;4260;115;"K-6197"
"SPI";"S04458";"Denmark";"Trichterbecher";20657;4620;90;"K-2631"
"SPI";"S04458";"Denmark";"Trichterbecher";20659;4760;90;"K-2632"
"SPI";"S04458";"Denmark";"Trichterbecher";20658;4690;90;"K-2629"
"SPI";"S04458";"Denmark";"Trichterbecher";20656;4600;90;"K-2630"
"SPIII";"S04458";"Denmark";"Trichterbecher";20653;4400;65;"K-2911"
"SPIII";"S04458";"Denmark";"Trichterbecher";20651;4340;90;"K-2766"
"SPIII";"S04458";"Denmark";"Trichterbecher";20654;4480;90;"K-2767"
"SPIII";"S04458";"Denmark";"Trichterbecher";26575;4058;40;"AAR-9160"
"STAE";"S08172";"Denmark";"Trichterbecher";20747;4860;110;"AAR-1840"
"STEHAG2";"S11413";"Denmark";"Trichterbecher";28456;4072;61;"UBA-39152"
"STLG";"S08170";"Denmark";"Trichterbecher";20744;4560;85;"K-4978"
"TFUM1";"S08190";"Denmark";"Trichterbecher";20787;4690;90;"K-2986"
"TFUM1";"S08190";"Denmark";"Trichterbecher";20788;4730;90;"K-2988"
"TFUM1";"S08190";"Denmark";"Trichterbecher";20785;4680;90;"K-2987"
"TFUM1";"S08190";"Denmark";"Trichterbecher";20779;4500;85;"K-2985"
"TFUM2";"S08190";"Denmark";"Trichterbecher";28468;3837;30;"UBA-39129"
"TFUM2";"S08190";"Denmark";"Trichterbecher";28469;3699;35;"UBA-39130"
"THST";"S08183";"Denmark";"Trichterbecher";20765;4960;65;"K-3775"
"TMEP";"S08188";"Denmark";"Trichterbecher";20774;4960;65;"K-2775"
"TREE";"S08184";"Denmark";"Trichterbecher";20767;4100;85;"K-4027"
"TREE";"S08184";"Denmark";"Trichterbecher";20769;4250;85;"K-4026"
"TURP";"S08196";"Denmark";"Trichterbecher";20800;4390;120;"K-718"
"TURP";"S08196";"Denmark";"Trichterbecher";20801;4440;120;"K-727"
"UDDY";"S08199";"Denmark";"Trichterbecher";20808;4475;45;"Ka-6978"
"ULG";"S09162";"Denmark";"Trichterbecher";23058;4965;35;"KIA-36142"
"ULG";"S09162";"Denmark";"Trichterbecher";23057;4890;90;"KIA-36139"
"ULKG";"S08200";"Denmark";"Trichterbecher";20915;4860;135;"K-3778"
"ULVE";"S08201";"Denmark";"Trichterbecher";20811;4580;90;"K-6306"
"UNLE";"S08203";"Denmark";"Trichterbecher";20813;4760;95;"K-6300"
"VANMOS1";"S11437";"Denmark";"Trichterbecher";28479;4485;41;"AAR-10994"
"VAR";"S04564";"Denmark";"Trichterbecher";20836;4160;100;"K-1983"
"VAR";"S04564";"Denmark";"Trichterbecher";20838;4350;100;"K-1931"
"VAR";"S04564";"Denmark";"Trichterbecher";20835;4100;100;"K-1932"
"VAR";"S04564";"Denmark";"Trichterbecher";20837;4290;100;"K-1930"
"VAR";"S04564";"Denmark";"Trichterbecher";20839;4450;100;"K-1982"
"VERM";"S08212";"Denmark";"Trichterbecher";20830;4570;150;"Ka-6452"
"VIGFE1";"S11308";"Denmark";"Trichterbecher";28485;4709;52;"UBA-37893"
"VIGFE1";"S11308";"Denmark";"Trichterbecher";28484;4833;40;"UBA-40810"
"VIGFE1";"S11308";"Denmark";"Trichterbecher";28483;4657;36;"UBA-37892"
"VIKMO1";"S11346";"Denmark";"Trichterbecher";28488;5140;100;"K-6303"
"VIKMO1";"S11346";"Denmark";"Trichterbecher";28486;4985;27;"Poz-17006"
"VIKMO1";"S11346";"Denmark";"Trichterbecher";28487;5050;15;"UCIAMS-232706"
"VIKMO1";"S11346";"Denmark";"Trichterbecher";28489;5086;44;"AAR-11312"
"VINE";"S08216";"Denmark";"Trichterbecher";20841;4390;100;"K-2128"
"VINE";"S08216";"Denmark";"Trichterbecher";20842;4460;100;"K-2127"
"VISG";"S08217";"Denmark";"Trichterbecher";23074;4700;35;"Poz-22575"
"VISG";"S08217";"Denmark";"Trichterbecher";23075;4775;35;"Poz-22576"
"VISG";"S08217";"Denmark";"Trichterbecher";20846;4945;45;"AAR-5386"
"VISG";"S08217";"Denmark";"Trichterbecher";23076;5020;60;"Poz-22578"
"VRU1";"S08224";"Denmark";"Trichterbecher";20866;4220;100;"K-2426"
"VRU1";"S08224";"Denmark";"Trichterbecher";20863;4110;100;"K-2427"
"VRU1";"S08224";"Denmark";"Trichterbecher";20870;4430;100;"K-1567"
"VRU1";"S08224";"Denmark";"Trichterbecher";20873;4660;100;"K-2424"
"VRU1";"S08224";"Denmark";"Trichterbecher";20872;4570;100;"K-1566"
"VRU1";"S08224";"Denmark";"Trichterbecher";20865;4210;100;"K-1574"
"VRU1";"S08224";"Denmark";"Trichterbecher";20868;4270;100;"K-1573"
"VRU1";"S08224";"Denmark";"Trichterbecher";20869;4300;100;"K-1571"
"VRU1";"S08224";"Denmark";"Trichterbecher";20864;4180;100;"K-2425"
"VRU1";"S08224";"Denmark";"Trichterbecher";20875;4980;100;"K-1570"
"VRU1";"S08224";"Denmark";"Trichterbecher";20867;4230;100;"K-1572"
"VRU1";"S08224";"Denmark";"Trichterbecher";20871;4560;100;"K-1568"
"VRU1";"S08224";"Denmark";"Trichterbecher";20874;4740;100;"K-2428"
